SM_revenue,reg_revenue,im_revenue,im_special_revenue_DK1,Deg_cost,Deg_cost_by_cycle,,
83096.9213,0,-15597.20956,7095.46006,23361.99973,1485.920497,,62827.3118
40313.49238,0,-1117.958891,7623.815946,21935.31422,1485.920497,,34808.47064
68518.70207,0,-22979.36015,12231.88111,4397.387942,2724.904288,,44659.86433
64637.79905,0,2891.244363,16267.18704,15798.87693,-633.6754518,,64369.26803
127665.006,0,-2107.285565,7354.433222,15215.37326,1571.207816,,122514.6458
107965.7154,0,-1.13E-11,0,8716.893403,1473.254177,,106222.3367
123685.0406,0,-16624.09128,6306.708946,10694.81892,218.3858315,,104921.9856
135719.5311,0,-50628.8108,4502.3373,4746.522851,610.4033804,,84141.41572
12636.03835,0,2000.612362,469.1394596,13826.01911,-550.0490972,,11871.44688
50836.18084,0,-17623.27645,7835.761725,13339.6281,1237.537718,,30544.97877
74133.53519,0,-36317.16204,17586.41658,4886.733935,1153.622944,,36839.02636
6492.777399,0,5958.563335,24734.51845,14979.79175,-512.4833614,,9455.382384
54990.87978,0,36724.02924,15694.29873,11883.06499,1496.070837,,89338.29602
67513.22892,0,-38644.4549,5607.241005,8404.565969,891.293625,,27187.86083
146900.2187,0,-45657.14895,12239.30516,14883.33473,202.732018,,98266.40281
75034.88699,0,-26461.14368,2096.799443,5750.667634,1511.655375,,47423.60979
0,0,320.7317766,0,14189.8208,-320.2405891,,-2517.232383
784.644236,0,2739.322306,15.84014639,12380.02307,1391.656348,,1047.961928
64721.63954,0,-19594.83267,2326.696698,12002.99451,1036.575105,,42726.20796
25405.7884,0,-4323.131069,1294.61549,11238.27312,969.9781997,,18835.00271
24671.13389,0,-4796.183799,3093.719442,12115.7307,822.9099183,,17451.80396
3665.66498,0,32719.86827,6518.120115,13865.54696,1012.598558,,33612.42386
96224.06626,0,29392.1034,9851.358011,14867.35512,1385.284968,,122642.6986
186665.4844,0,-22670.31078,2625.986931,11843.60668,1607.46265,,161626.4523
23762.89475,0,-31883.05023,15242.42957,8683.242514,990.7861604,,-9856.803979
14012.32592,0,36963.27566,10735.18339,14203.8532,337.8308657,,48134.83095
22291.09717,0,5891.542159,292.2777967,14431.19687,1505.518917,,25296.39995
35641.89707,0,8739.946011,2171.235504,15670.42317,1568.420908,,41247.75845
842.9420342,0,8918.525425,5209.909782,11704.65485,1847.629621,,7420.536488
58540.08672,0,-35057.33863,10928.51744,10475.12691,1017.368743,,21387.72271
7373.722494,0,6219.914804,2266.779485,13675.65264,763.730347,,10858.50677
17307.74682,0,7612.202879,140.4040498,13102.78225,1461.847911,,22299.39325
9342.059227,0,33405.23538,15915.90815,14006.27536,1351.993571,,39946.03953
100905.8372,0,-53602.58476,13179.67823,10429.2248,1561.907798,,45217.40751
2.928854184,0,238.2161165,0,12293.90486,794.8670717,,-2217.636
18414.48294,0,14477.01909,10234.43486,11128.30522,1212.575728,,30665.84098
39203.46639,0,56158.91481,25829.73176,11634.16861,967.5425251,,93035.54749
20486.92842,0,14941.13495,711.8770621,11920.64102,1089.335003,,33043.93516
60252.55045,0,49102.71325,11717.19682,10733.45808,1163.849695,,107208.5721
110185.816,0,-5908.958212,5838.029756,12856.63176,910.3332309,,101705.5314
70471.18179,0,-79248.82838,38403.85316,4285.005233,1395.545713,,-9634.647632
89513.26729,0,-28177.61967,5439.503678,6818.238214,-518.7649276,,59971.99998
125033.0338,0,37197.05472,11865.03143,13415.78024,52.76476577,,159546.9324
85622.72223,0,-45848.84074,15820.14928,7675.398368,1547.386612,,38238.80181
78822.60356,0,-6110.19206,6985.084659,4908.400933,258.6530758,,71730.73131
82026.32949,0,6779.292108,10596.83074,17662.60367,-365.6380038,,85273.10086
105595.7733,0,5027.714189,2584.106514,12925.1308,2547.423137,,108038.4613
19333.54237,0,3151.282961,3642.5226,11741.47308,1483.923696,,20136.53071
77382.4559,0,5754.875053,9414.810597,10306.56102,1224.900664,,81076.01875
41379.7861,0,-10032.52139,5581.322125,11704.32502,904.1383989,,29006.39971
4660.95428,0,-1140.013751,354.1701414,8852.40633,1238.738181,,1750.459263
12771.72927,0,-9417.120181,2794.186369,5087.41992,584.2104661,,2337.12511
131819.5752,0,-2843.1536,1546.048264,5962.004382,-290.6849289,,127784.0207
7727.291976,0,1309.026109,889.5099356,15463.63094,-83.26249589,,5943.591896
4759.798398,0,6733.961426,11678.6486,10060.75014,2157.901434,,9481.609797
23307.77465,0,-3948.68583,643.2093355,11061.22389,898.3075617,,17146.84404
26316.00889,0,-63167.50052,36053.66368,4402.916824,1145.436545,,-37732.07499
95910.21075,0,10776.20834,4640.162737,16518.98305,-431.9883088,,103382.6225
214103.6799,0,-140271.033,31891.73516,3764.162065,2468.531076,,73079.81445
7748.39609,0,5383.837457,41371.0244,12297.76871,-576.9138243,,10672.67981
150720.9964,0,10723.55865,9243.52401,15218.94378,1480.209921,,158400.7663
18887.23699,0,-642.6731253,99.71982042,15049.9469,2203.087245,,15234.57449
29980.6361,0,-28214.52441,15361.55861,4924.918788,2183.788131,,781.1279365
103324.7769,0,3669.005764,9102.054968,11078.92655,-276.5311444,,104777.9973
121108.1078,0,5826.806889,7480.228117,13489.26575,1236.13354,,124237.0615
135471.945,0,3535.42569,20119.72769,9825.107918,1843.189891,,137042.3492
184743.2917,0,-3794.799674,2588.738954,13945.92457,951.6328785,,178159.3071
48959.25176,0,10081.89638,2849.156586,12269.68548,1987.967827,,56587.21105
7607.307302,0,-16236.39729,4945.238901,8272.088112,1587.118889,,-10283.50761
7016.263387,0,-225.9877793,100.597172,11013.12713,596.2687781,,4587.650181
37951.6063,0,-36981.82082,8617.44519,6347.80028,1295.089338,,-299.7745769
46685.19304,0,-427.4427628,51.67457128,9585.16742,125.0251668,,44340.7168
158846.182,0,21940.44577,4307.233098,12182.583,951.5385216,,178350.1111
143978.4121,0,-18617.25299,3767.629104,11614.56319,1624.195429,,123038.2464
58430.18672,0,955.9401686,2440.718681,11885.30667,1493.829284,,57009.06556
8483.671064,0,19722.53021,12091.71227,11193.94049,1577.817181,,25967.41318
1979.429957,0,286.5438441,36.77938727,10041.03291,1413.607132,,257.7672181
1595.402389,0,5882.358492,3857.648262,9190.205801,1126.938885,,5639.71972
600.1819906,0,2682.220142,6044.579616,9066.708477,915.5244264,,1469.060437
60604.34519,0,-5651.516933,658.627214,9652.284739,892.2960509,,53022.37131
35059.34633,0,-14404.61647,2342.08333,4891.340045,1055.382672,,19676.46185
181002.7865,0,-626.7200576,23.04514545,9935.310557,-191.4023274,,178389.0043
88984.40477,0,25664.15791,26733.33441,8930.275139,1145.793407,,112862.5077
18297.62125,0,8496.177673,10320.4092,8906.374192,889.5053262,,25012.52409
25214.4193,0,16851.64674,29060.90312,8882.218615,892.0478941,,40289.62232
100695.1476,0,8016.317181,1210.753731,10871.39582,894.5108366,,106537.1856
23409.2062,0,-7709.289572,2655.490215,8448.294501,1438.520057,,14010.25773
3023.978894,0,1044.062544,265.4949042,11001.39875,797.2868697,,1867.761687
1893.349511,0,2380.303281,2385.639291,9101.24978,1497.885246,,2453.402836
15568.38727,0,-10751.54686,2602.478001,10055.26901,994.1163901,,2805.786608
2376.503809,0,1628.090629,19050.79713,12290.10045,1264.74473,,1546.574347
19512.93924,0,23965.83392,24670.60877,8645.622432,1891.014197,,41749.64867
6683.230117,0,1450.938352,835.7630629,10675.37001,902.0586376,,5999.094467
82806.88857,0,-16962.45469,2959.237938,7260.387891,1473.708589,,64392.3563
44935.99106,0,2269.406053,2172.816499,10050.35177,536.6090356,,45195.32676
5153.864372,0,-24052.10232,8378.154385,6285.446891,1322.198422,,-20155.32733
21.20089541,0,0,0,9910.663481,278.6651235,,-1960.931801
6519.041213,0,-7551.61394,739.4297995,6036.953853,1303.019813,,-2239.963498
40.86198378,0,163.8743076,0,9994.328614,221.1030296,,-1794.129431
11303.19373,0,301.3185887,0.084866394,9708.535621,1346.366651,,9662.805195
18673.08499,0,57696.33557,41857.82577,9371.237537,1277.540421,,74495.17305
58081.49439,0,-26275.51851,5857.605305,8559.425921,1193.033601,,30094.09069
101538.6778,0,-59218.25852,14023.38136,4957.478665,971.2280356,,41328.92355
63229.2359,0,28545.79174,11188.22152,10696.09933,-56.0993804,,89635.80777
12124.31879,0,-2547.941148,410.4137981,6873.72365,1603.249189,,8201.632916
26532.2384,0,-25904.08592,3241.605603,3709.073515,509.1617211,,-113.6622323
7.277984234,0,1287.651963,347.986558,9864.23658,-404.1976454,,-677.9173688
616.4369182,0,2724.99945,657.7132222,8131.155373,1390.280558,,1715.205293
10567.52991,0,-3318.565514,743.800334,8185.066677,895.6046407,,5611.951058
2774.368551,0,11756.22045,3033.730576,10004.95889,920.2333334,,12529.59722
21051.40047,0,11471.82226,34337.2594,8494.600356,1466.145681,,30824.30266
25198.47095,0,3618.639317,4638.045543,11838.76017,1031.950391,,26449.35824
30243.60986,0,-8468.5797,351.3688001,7058.126243,2037.31865,,20363.40491
107814.687,0,3087.673698,735.6691729,13149.60112,626.0174934,,108272.4405
2926.000881,0,256.4632437,2.706346789,10319.82007,2462.176582,,1118.500111
10451.15862,0,-12631.03838,6923.382722,4032.700944,1630.64449,,-2986.419942
222.8225004,0,-1.14E-14,0,6111.85772,-260.534303,,-999.5490436
123.8987671,0,1184.307424,972.2690071,9170.363653,372.6956368,,-525.8665395
10424.05976,0,3417.672781,497.713266,10533.80197,1309.89464,,11734.97215
13127.28739,0,3315.276621,4908.422369,9178.077714,1739.565197,,14606.94847
575.917838,0,-317.3253701,2196.419694,9550.043509,1338.202915,,-1651.416234
4044.265387,0,-11669.59553,3014.874428,2957.676015,1465.419536,,-8216.865345
14540.06048,0,-11192.41005,3887.824659,6540.800561,-565.2630711,,2039.490313
32015.92939,0,-9625.309193,1366.838562,8531.882692,547.7747688,,20684.24366
45583.10006,0,-4385.312946,2673.201747,9962.12881,1174.619542,,39205.36135
51975.56376,0,-22275.19984,6681.171658,3118.051705,1633.368732,,29076.75358
145687.21,0,1976.132078,83.49597336,10565.33484,-502.6647239,,145550.2751
108717.4201,0,-10381.88477,5525.358939,10169.20143,1843.122947,,96301.69505
19554.84751,0,676.8787986,270.6748344,11751.71355,1734.503071,,17881.3836
1039.582334,0,-1745.337967,3.102159878,7395.914366,2254.486884,,-2184.938506
20406.65459,0,4387.375679,18760.34031,7407.942148,881.1244199,,23312.44184
7054.122088,0,9897.066525,19758.37137,7386.154649,893.4894242,,15473.95768
6230.838387,0,-1298.959642,582.6578116,8882.60686,895.0559282,,3155.357373
2776.365309,0,625.1607567,345.6700908,11035.60903,1387.679125,,1194.40426
833.8110791,0,1613.553055,739.9044932,7476.083461,2100.266102,,952.1474424
6988.827818,0,8262.69127,5279.151546,7271.285471,956.4460149,,13797.26199
18319.60853,0,-5583.947358,1786.749992,9860.201774,898.3381202,,10763.62082
9471.660014,0,-4678.741534,1356.273839,3957.306755,1758.936488,,4001.457129
2566.961599,0,7.37E-16,0,7185.411967,-175.7641025,,1129.879206
3895.475687,0,-2820.985132,279.332593,4171.970479,894.924686,,240.0964593
45.09114905,0,1008.157096,1276.382467,8789.615098,-97.27278019,,-704.6747744
3758.68307,0,214.1288361,24.83906764,8803.229476,1442.897267,,2212.166011
19204.727,0,1397.796945,805.9456077,9720.390574,1460.362697,,18658.44583
21097.57885,0,852.5770694,461.9694776,10048.84126,1781.89078,,19940.38767
2809.434473,0,5280.69033,2853.773957,7700.539083,1908.986231,,6550.016987
9007.182723,0,3428.755705,2321.137339,7864.663093,1128.65927,,10863.00581
59863.72232,0,-2695.939725,2653.418631,8817.024297,1194.821177,,55404.37774
18956.75431,0,-18806.27844,8634.173711,3394.504787,1531.531487,,-528.4250952
44905.5417,0,16927.86666,7146.19672,9544.642402,-317.1079002,,59924.47988
86730.3634,0,-47854.18362,11705.33418,4447.367193,1801.121809,,37986.70634
29652.25465,0,-14758.43874,4929.357326,4237.262867,54.22101247,,14046.36334
451.5741228,0,1399.828753,4379.458953,7744.934844,-15.0004395,,302.4159064
8926.696991,0,13691.0695,5762.751049,6828.867092,1206.242649,,21251.99308
1474.596985,0,2725.337362,2597.58354,6808.496871,897.4239775,,2838.234973
74786.7799,0,-37773.82917,18611.48965,5016.981052,898.7238882,,36009.55452
77893.85436,0,-8767.785647,1244.264187,7744.345183,278.1387654,,67577.19968
3613.857387,0,-4625.541462,279.3133337,2548.619866,1243.080018,,-1521.408049
5924.240337,0,-9688.551066,430.6524305,2552.974643,-581.6070689,,-4274.905657
3071.265602,0,1414.94616,987.0360643,6710.313865,-578.8707463,,3144.148989
3835.833998,0,2780.888329,1882.631235,6682.831175,894.7104373,,5280.156093
40131.43682,0,-31992.618,11289.47956,5272.074155,893.3049949,,7084.403984
8103.614645,0,-46785.65575,26384.5211,3723.568934,398.1366814,,-39426.7549
106270.4449,0,-10731.93846,2272.658071,8072.607778,-150.4329615,,93923.98485
19258.4105,0,17585.14295,1770.974366,8504.450878,1411.750985,,35142.66327
3462.955263,0,884.0428187,79.56507351,8286.812329,1579.852099,,2689.635616
106.6879331,0,187.970933,0,7029.913104,1514.860559,,-1111.323755
8746.315411,0,-7089.474938,1950.758316,4805.009869,1070.960714,,695.8384995
12141.4812,0,2443.334127,403.1312559,9341.765755,269.0432602,,12716.46217
27824.56417,0,-11067.57722,4547.94544,6846.732442,1933.579358,,15387.64046
29274.73139,0,26820.60977,4635.22533,7958.585388,1032.693832,,54503.62407
31862.96945,0,61739.4196,27303.2011,6416.850197,1452.440016,,92319.01901
73508.26522,0,1851.706349,2048.7552,10711.91934,893.5122598,,73217.58771
8949.802862,0,3489.119331,3802.846039,6361.683757,2500.795436,,11166.58544
3169.460417,0,-512.2641013,453.3833863,7686.038621,895.0333959,,1119.988591
10406.18931,0,-789.7791539,383.647503,6207.682231,1400.516667,,8374.873713
4431.820045,0,2661.153425,1400.030507,9231.366707,855.2673432,,5246.700128
6814.86543,0,4373.498689,3511.487004,6612.828222,2007.590689,,9865.798475
3329.935317,0,5058.494269,2980.984675,6428.372243,1029.139761,,7102.755137
8603.150879,0,-351.1150891,0,7480.396763,967.9239816,,6755.956438
4536.953947,0,-13930.87589,7642.611843,7287.219928,1379.542281,,-10851.36593
10331.29923,0,-24592.01147,12122.544,2329.140656,1317.108438,,-14726.54038
962.6468755,0,135.6165328,8082.512873,7222.115225,-583.7680508,,-346.1596367
209.1716822,0,634.93455,4.813868855,6222.349346,1306.922486,,-400.363637
1553.018382,0,978.4490684,5470.526047,6412.858338,930.1068038,,1248.895783
29719.12507,0,19759.27444,12949.73804,6498.561673,1012.691372,,48178.68717
55814.42203,0,14948.50731,5059.793552,7603.412963,1055.161757,,69242.24675
22101.49672,0,-16232.33386,8368.319773,6636.911996,1497.992608,,4541.780464
27260.25598,0,12346.78843,1668.559745,7899.598529,1129.862344,,38027.1247
2519.131085,0,2779.941377,3779.545882,6009.592296,1639.222684,,4097.154003
7603.112219,0,5205.665626,4878.113864,5991.693627,902.2429301,,11610.43912
3357.303326,0,5900.401064,18880.72911,5973.825527,903.2539108,,8062.939285
13289.90524,0,-73924.65204,45571.29767,4277.984818,904.2507209,,-61490.34376
32515.02965,0,5927.758619,8711.652953,7303.165265,232.3411994,,36982.15522
20747.57759,0,-55855.91578,28614.8112,4095.681799,1453.093968,,-35927.47455
628.5471958,0,1491.867533,1753.477136,7262.973092,170.1744551,,667.8201105
14020.51243,0,-7894.445911,2923.200048,5024.809795,1456.046252,,5121.104565
7749.247109,0,-43.30497485,0,9668.434736,558.3876577,,5772.255187
9784.026506,0,-68.24419339,263.0989237,8213.714131,2459.036096,,8073.039487
26471.57497,0,-49765.09706,32745.53526,2207.211936,1883.685091,,-23734.96447
2803.027007,0,3012.046309,1480.615374,7319.158274,-573.5471063,,4351.241662
1956.137539,0,129.3347549,0,6038.620332,1534.730955,,877.7482274
2289.28806,0,980.5632695,159.4333783,6895.74832,1016.936474,,1890.701665
2636.732062,0,29.42314656,0,6621.419185,1382.182407,,1341.871372
4344.156538,0,881.6142093,197.5327132,7502.089301,1279.207398,,3725.352887
0,0,119.4946044,0,5678.276775,1659.214802,,-1016.160751
2542.541143,0,26858.9056,6523.256554,5661.465557,905.2236769,,28269.15364
40751.74539,0,22868.72978,3738.277054,5950.728003,906.13179,,62430.32957
14251.09638,0,-8543.63568,926.2438015,5354.771069,1036.687083,,4636.506488
1541.517743,0,6490.234307,12080.37235,6953.672609,792.2198554,,6641.017529
217.7276638,0,5002.302238,2534.613251,5586.073518,1481.574139,,4102.815199
6855.656561,0,-11788.12916,3130.036155,4752.07892,907.9623246,,-5882.888379
946.7385575,0,-192.5780409,13.84859625,5235.162666,557.6813481,,-292.8720166
16217.51607,0,-1483.782722,369.8248382,7891.173918,771.5655322,,13155.49857
8130.822869,0,12942.91307,64583.63357,6876.169948,1927.381038,,19698.50195
7865.46265,0,10901.31393,84781.68822,5485.787177,1502.275542,,17669.61914
7746.925878,0,-909.5094879,3585.480844,7282.074509,908.0754791,,5381.001488
6669.136076,0,1103.415821,10264.68422,7565.312728,1702.364783,,6259.489351
854.4854656,0,-3760.639787,16.82514618,2987.534205,1841.048832,,-3503.661162
522.0487775,0,-9.53E-14,0,3528.49248,-164.4660033,,-183.6497184
8889.7365,0,-4598.308124,485.8080049,4379.370103,76.86628477,,3415.554355
817.6812152,0,10120.06216,3251.861632,6962.005226,457.0141618,,9545.342334
6856.19892,0,-22665.1003,5423.40096,3639.645189,1610.143135,,-16536.83042
2820.971207,0,-19208.15266,8186.511646,3658.058767,140.6091076,,-17118.79321
3970.862952,0,-2.43E-13,0,6700.246368,152.4525161,,2630.813679
31038.92722,0,17782.40597,2165.358145,6644.133463,1519.787364,,47492.5065
4673.08307,0,-7592.062206,832.1301188,3631.968595,1506.88788,,-3645.372854
27183.42916,0,-39642.6414,19477.75477,1960.36608,157.8238757,,-12851.28546
5148.03012,0,-3716.037123,344.6763458,2598.227785,-594.567477,,912.3474396
62483.62003,0,-7646.104203,1915.698686,5041.777369,-304.7321072,,53829.16036
27487.15119,0,-2752.655697,847.855865,7408.337288,806.1977982,,23252.82804
4470.620867,0,-5176.666619,337.2053897,2972.896202,1892.415619,,-1300.624992
13805.09766,0,1458.787265,3649.622333,6308.500102,-122.4633493,,14002.1849
33442.67461,0,15956.97229,3524.878503,6368.760612,1409.308298,,48125.89478
7929.487328,0,-806.7857833,567.3335693,5477.323043,1448.457397,,6027.236936
13900.9838,0,13150.08405,4947.665942,7954.327214,1047.861842,,25460.2024
15239.973,0,22864.15503,4124.632471,5115.159376,2206.622001,,37081.09616
37869.17298,0,-43582.62861,16013.15238,3544.992744,900.3973886,,-6422.454179
3338.829495,0,-6493.305894,2995.118615,2538.20113,174.1259131,,-3662.116625
5653.576954,0,19324.8955,7746.902939,6363.772557,-293.4511972,,23705.71795
11326.51767,0,12004.22227,6509.748501,5167.87627,1503.655913,,22297.16469
23607.40856,0,3530.671737,510.0513016,6910.661986,951.7588128,,25755.9479
61622.04648,0,11452.84208,2873.924378,6151.803215,1784.382183,,71844.52792
22480.70722,0,8436.775223,8580.539057,5993.509663,1437.969437,,29718.78052
58085.65429,0,-36731.23228,15350.80476,2586.503987,1373.889567,,20837.12122
33529.56802,0,3562.471677,12509.94868,6281.536932,-245.1695944,,35835.73231
7678.686221,0,4028.080839,24468.3647,5951.485538,1527.751031,,10516.46995
41286.519,0,-25067.22697,7149.17143,5131.403226,1380.878959,,15193.01138
93522.78685,0,-63644.03204,36343.96452,1843.253442,995.4138126,,29510.10412
56936.43203,0,-76083.21136,32031.17708,1844.810004,-588.970603,,-19515.74133
220.0752559,0,6155.479655,6386.465611,6149.067555,-587.1594839,,5145.7414
52233.5257,0,-6552.250199,214.4317798,4747.366521,1504.242054,,44731.8022
67829.76088,0,-37047.35224,20237.7948,2514.630753,832.0265908,,30279.48249
45486.41847,0,467.026802,436.2641518,8216.514208,-252.5845253,,44310.14243
11397.42417,0,1750.230729,1786.682529,6868.20937,2545.080914,,11774.01303
12054.08678,0,-7704.873093,3049.653141,5900.050647,1901.036379,,3169.203561
49641.70958,0,-4091.740305,2223.736458,7473.727783,1436.48566,,44055.22372
16000.56297,0,-8399.08778,7589.518414,2304.565029,2230.586966,,7140.562183
10501.6785,0,312.480026,2485.045242,5228.016863,-332.333003,,9768.555155
9165.226311,0,-4481.631019,1118.663563,4557.926436,1130.279487,,3772.010005
36807.42628,0,28312.27267,9624.155662,5866.530967,802.9894777,,63946.39276
5038.957281,0,-2785.089094,281.1908541,4224.283867,1468.5939,,1409.011413
32994.85449,0,877.0532316,22.52748807,6386.354291,650.1674377,,32594.63687
30170.75516,0,5636.913969,967.4305413,7131.683395,1751.838067,,34381.33245
38422.18456,0,-48087.08003,24041.9584,3259.964315,2145.192621,,-10316.88833
7729.858062,0,2825.928763,1547.626725,6584.135114,182.6845,,9238.959803
39335.65621,0,-27695.93797,8862.011343,3235.459616,1889.352377,,10992.62632
10018.1781,0,407.4476181,2817.524128,7331.186579,180.9891863,,8959.388404
58452.12293,0,-5163.408311,1805.439932,8014.467447,2297.191311,,51685.82113
57078.68421,0,-20576.99847,7642.803827,4986.398432,2670.446769,,35504.40605
38113.78322,0,8914.049476,664.10956,6733.226838,1113.456641,,45681.18733
25787.25417,0,-18144.61875,8344.83799,2605.546733,2035.863761,,7121.526074
10399.95831,0,-1213.505133,365.4728004,4287.18926,-115.352412,,8329.015326
1886.383596,0,2740.497276,4004.716396,4818.937093,770.7746108,,3663.093453
1357.690202,0,3794.001686,3237.200688,4493.317557,1057.742932,,4253.028377
155798.6409,0,9497.842322,1797.841169,5635.679346,893.6922286,,164169.3473
38124.08735,0,-25567.3967,14034.68324,2843.609096,1507.439439,,11987.96883
35400.48841,0,6445.580228,2094.142305,6103.26339,31.58740682,,40625.41596
29389.92065,0,-35183.65492,16146.61207,2754.536433,1774.474169,,-6344.641563
6169.443436,0,-219.1325128,68.42232299,5577.671376,-6.899032296,,4834.776648
53706.32199,0,7897.48862,10031.44109,4410.107183,1511.606246,,60721.78918
41040.58671,0,120.1422203,587.150446,5324.797765,893.3836787,,40095.76938
14772.87116,0,-13080.18667,4118.141659,2200.59133,1395.225227,,1252.566224
20303.57078,0,5048.838405,76.13359427,6311.551868,-288.8371301,,24090.09881
102021.7343,0,25165.06026,13167.0686,4841.206139,1946.824107,,126218.5533
25209.70982,0,1653.020641,1774.572249,6239.909395,1158.512131,,25614.74858
25340.31,0,-7023.403518,2050.948839,4534.954031,1933.856283,,17409.91568
1325.061253,0,-1305.846111,0,2244.52686,1010.216966,,-429.6902306
67262.43667,0,-85561.7665,32404.09541,1823.744447,-244.7382307,,-18664.07872
20177.48193,0,-12969.83829,832.1022473,1901.327707,-474.9509503,,6827.378094
4377.09623,0,2367.26193,1354.694784,6015.479851,-430.8373044,,5541.26219
9872.171968,0,-2656.007586,0.447448707,2751.759221,1849.002758,,6665.812537
70414.95784,0,-31436.82826,3811.932773,1659.89189,47.32816201,,38646.15121
124404.5635,0,-6879.834263,792.6828824,5196.815744,-557.38892,,116485.3661
56471.88571,0,-4536.490214,1447.744985,4106.96744,1415.929115,,51114.002
49921.58975,0,-7890.88245,2484.002286,4514.806871,815.9581499,,41127.74592
87253.66755,0,-52607.58719,6681.332958,1995.587621,1051.555374,,34246.96283
190444.0479,0,-1120.128907,17.66266404,3813.320736,-358.6297498,,188561.2548
11742.39914,0,3710.324429,627.1895702,6659.705321,667.3669481,,14120.7825
86966.29197,0,30167.28705,6964.596161,4899.978121,2284.143195,,116153.5834
70917.5712,0,54239.59886,15806.33192,4374.087591,1300.666329,,124282.3525
71537.55291,0,-29352.63171,12566.13086,4230.300266,1010.274554,,41338.86114
38942.04198,0,139.602369,513.020306,7084.970398,935.6795397,,37664.65027
14482.8508,0,13634.5256,2014.461175,5125.911845,2582.092668,,27092.19404
29723.52471,0,-15221.67934,3624.497445,3124.115673,1471.466523,,13877.02224
62918.5772,0,842.4945877,2294.74977,6366.280983,323.9839582,,62487.81559
206632.9654,0,-23531.06967,12247.90023,4018.393907,2208.726311,,182298.217
33380.40926,0,22.87186952,341.1469853,6087.185379,856.7894463,,32185.84405
24937.88466,0,24945.75906,8404.551745,4503.48837,2072.654946,,48982.94604
2189.815003,0,8375.947767,58604.60529,4032.757886,1158.185886,,9759.211192
78073.75745,0,16674.77675,13670.59464,4286.359756,889.5728258,,93891.26224
59640.5961,0,-9064.526381,2197.519747,4132.769025,1046.061001,,49749.51591
77226.37333,0,-2536.311402,2484.531126,3441.361937,962.8481344,,74001.78954
71373.61198,0,-90516.64083,51535.54907,2972.742024,559.6201607,,-19737.57726
6937.201387,0,4768.919514,5385.91837,4926.647332,285.8826826,,10720.79143
35936.70563,0,-13084.05082,691.9001834,3702.995688,1454.985991,,22112.05567
17010.43423,0,30232.70022,6432.608065,5110.428103,732.768709,,46221.04883
26757.03913,0,9001.366238,491.8469154,5356.196454,1583.546921,,34687.16607
121713.0882,0,-50159.76342,10554.55618,2552.034197,1742.966297,,71042.91794
100611.3158,0,20503.18403,2012.396807,4993.147168,59.86397365,,120115.8704
93445.2627,0,20201.34682,2683.72103,4915.17842,1541.224461,,112663.5738
46920.82142,0,47030.36411,13375.76258,3891.267811,1504.672393,,93172.93196
90977.89707,0,7479.304606,1803.61611,5866.268858,890.3793081,,97283.9479
4181.752949,0,-2153.806252,981.1023808,5365.860884,2106.197327,,954.7745199
29743.98453,0,-6027.254916,2877.148776,3844.808109,1813.613166,,22947.76799
37308.0477,0,13186.8361,4644.535506,4415.685192,887.7906327,,49611.74676
255.2538591,0,-9.44E-16,0,3735.094996,1247.554537,,-491.7651401
47789.69998,0,-28163.90396,2828.232459,2469.579346,833.9540278,,19131.88015
155403.4985,0,-93285.38605,24571.87115,1545.841101,53.31479919,,61808.94428
289.0746058,0,2934.762472,3540.925031,4728.264437,-518.907084,,2278.184191
51889.59814,0,-26009.96425,3711.660815,4062.510553,1466.92856,,25067.13178
64525.53969,0,-16615.7932,2152.110071,3801.121062,1060.07807,,47149.52227
126689.7172,0,-97369.48377,22804.55442,2762.802326,903.4545354,,28767.67291
41565.11557,0,40905.89757,11165.59036,4626.952203,256.4754949,,81545.62269
35855.20424,0,46251.21564,9009.208115,3748.539689,1436.163176,,81356.71194
769.3687668,0,5466.833874,53353.11011,3739.27769,889.7406772,,5488.347103
2229.968928,0,8941.761292,297.5538468,3838.350314,890.3759363,,10404.06016
24467.28986,0,308.6554246,768.5611592,4688.752876,959.9544814,,23838.19471
151433.3959,0,-9643.523016,864.1605138,2758.430417,1509.933943,,141238.1868
103134.123,0,35465.37809,22460.8258,5076.537695,283.7177985,,137584.1936
94463.03658,0,19440.89728,1476.179574,4993.787009,1775.473218,,112905.1765
9919.735062,0,260.0857931,70.52956704,4466.768425,1734.298086,,9286.46717
13343.69248,0,41245.37936,13776.70329,3661.308258,1405.095313,,53856.81018
153975.2841,0,-371.5542149,27.74053347,4650.26287,891.9061551,,152673.6773
106139.3979,0,-15793.56421,3478.412816,4403.115325,1541.913656,,89465.2106
45414.16331,0,7057.722554,646.862256,4984.717205,1390.891399,,51474.94243
28230.94162,0,25608.53022,4268.388076,3783.240744,1781.454461,,53082.82369
33532.07384,0,26587.79652,7303.203554,5021.622826,1003.337306,,59115.54579
1798.678934,0,2675.271903,625.5550561,4140.968597,1827.087535,,3645.757117
65524.0284,0,320.3568977,303.0564522,5524.20326,1256.369889,,64739.54465
98326.91183,0,-9992.951209,2439.725955,3054.712312,2183.647505,,87723.01816
152107.4461,0,26450.7879,10868.3233,4182.831738,552.2518563,,177721.6677
209183.8969,0,22924.73118,5345.73498,3548.048747,1310.380461,,231399.0183
117840.9366,0,32113.20021,8221.606286,4116.694167,893.7117856,,149130.798
33230.1114,0,11297.81665,9284.129732,3848.561883,1282.078865,,43758.21567
108727.703,0,3036.348826,586.4335234,5366.632602,1109.857184,,110690.7253
8092.862237,0,1652.335134,5531.709422,4925.362998,2143.99877,,8760.124771
8834.579932,0,1609.208187,2703.939134,4496.507633,1858.837757,,9544.486593
38468.69757,0,-19406.48119,6697.193894,2725.592648,1578.884504,,18517.09784
12702.32977,0,1700.344061,1963.689252,5214.360142,379.0987235,,13359.8018
,,,,,,,7631716.036
