SM_revenue,reg_revenue,im_revenue,im_special_revenue_DK1,Deg_cost,Deg_cost_by_cycle,,Date,DEMS with imperfect forecast,DROEMS,DEMS with perfect forecast,,,,,,DEMS with imperfect forecast,
83438.96613,0,-16670.37168,7944.668838,23211.8581,1457.238792,,1/7/2030,62126.22283,50041.26515,64270.2153,0.033359037,,54205.10371,62126.22283,50041.26515,62126.22283,56686.46754
47232.57036,0,-4572.994661,7158.887106,17177.50599,1457.238792,,1/8/2030,39224.0745,4661.543485,48532.8678,0.1918039,,2176.13522,39224.0745,4661.543485,39224.0745,5723.956234
71010.86871,0,-25445.23158,13857.87065,4951.798359,1810.131238,,1/9/2030,44575.27747,26484.42976,43459.20813,-0.025680848,,34650.10432,44575.27747,26484.42976,44575.27747,40673.93946
68071.19648,0,2683.472811,13501.70541,16163.50659,-528.3578033,,1/10/2030,67521.96798,17018.54267,97664.52332,0.30863362,,23236.55623,67521.96798,17018.54267,67521.96798,30877.86413
133359.1764,0,-3384.387088,4059.834727,14390.87633,1637.445019,,1/11/2030,127096.6141,77396.51511,131577.6017,0.034055854,,93253.48343,127096.6141,77396.51511,127096.6141,101988.6516
108278.9938,0,-62.98692648,0,4804.698505,1309.236172,,1/12/2030,107255.0672,66920.57943,107227.5226,-0.000256879,,80051.47863,107255.0672,66920.57943,107255.0672,86249.69516
124053.795,0,-18974.02678,7515.850664,5629.330802,-546.0248809,,1/13/2030,103953.9021,88731.28165,110666.6193,0.060657109,,96798.99585,103953.9021,88731.28165,103953.9021,100750.5265
138841.7548,0,-54017.51812,5401.35695,5659.233608,-383.8308463,,1/14/2030,83692.38998,84953.72751,88598.65745,0.055376318,,86145.43088,83692.38998,84953.72751,83692.38998,86940.55184
14187.49516,0,-147.680434,297.4508379,13284.48976,-375.9848604,,1/15/2030,11382.91677,15755.30243,17904.49702,0.364242583,,15756.66844,11382.91677,15755.30243,11382.91677,15603.34573
52865.67471,0,-21521.69073,8743.818536,12970.01804,1119.904781,,1/16/2030,28749.98038,35982.03799,38754.55908,0.258152304,,36510.77539,28749.98038,35982.03799,28749.98038,36291.32672
78207.19546,0,-40390.95042,20841.58135,5233.774497,1069.254518,,1/17/2030,36769.49014,8442.434239,36512.68718,-0.007033253,,19195.50452,36769.49014,8442.434239,36769.49014,28299.58352
6532.345382,0,5922.469622,24750.60716,14794.46501,-448.3812428,,1/18/2030,9495.922002,10040.84288,9754.667793,0.026525331,,9918.802075,9495.922002,10040.84288,9495.922002,9467.010528
61146.49311,0,31091.59145,13254.47552,12126.0278,1446.171162,,1/19/2030,89812.879,86957.86881,94073.79044,0.04529329,,87542.66442,89812.879,86957.86881,89812.879,87982.37151
74027.47219,0,-47929.84831,7475.73692,8261.135173,928.9983486,,1/20/2030,24445.39685,33611.60902,34349.79104,0.288339285,,32423.89234,24445.39685,33611.60902,24445.39685,32418.68571
152287.5646,0,-53526.62429,12944.35973,13681.32517,166.644624,,1/21/2030,96024.67526,113899.8949,113130.1056,0.1512014,,113282.1535,96024.67526,113899.8949,96024.67526,110026.9208
80519.30741,0,-34092.65311,3617.17813,5453.605766,1257.123731,,1/22/2030,45335.93315,51025.98385,55260.65851,0.179598391,,50484.66268,45335.93315,51025.98385,45335.93315,50404.59896
70.25180091,0,228.4713411,0,13960.24825,-385.6107309,,1/23/2030,-2493.326509,-1447.883551,-843.1804845,1.957049593,,-1591.376402,-2493.326509,-1447.883551,-2493.326509,-1573.676321
4124.428953,0,1982.055419,14.6243453,14269.18198,1330.913741,,1/24/2030,3252.647977,1233.816543,3277.489404,0.007579407,,958.4033404,3252.647977,1233.816543,3252.647977,975.7933995
68954.50231,0,-28319.04721,3147.809155,5908.161469,1406.723833,,1/25/2030,39453.82281,42027.97451,44820.69064,0.119740855,,42086.29778,39453.82281,42027.97451,39453.82281,41433.52227
25775.90769,0,-5255.012175,1688.616793,11059.71896,-280.8425126,,1/26/2030,18308.95173,20849.65581,21648.08762,0.15424623,,21211.14756,18308.95173,20849.65581,18308.95173,21368.83798
25256.02267,0,-5407.57307,3736.001925,10931.80752,771.3890352,,1/27/2030,17662.0881,16649.47703,18302.09733,0.034969174,,16693.90633,17662.0881,16649.47703,17662.0881,18010.32436
5290.381355,0,31084.10219,5884.104765,13670.94326,753.6236693,,1/28/2030,33640.2949,34418.7403,37740.88193,0.108651066,,34420.39864,33640.2949,34418.7403,33640.2949,33557.35995
104395.9508,0,21070.61071,7428.765566,17872.64404,1325.020564,,1/29/2030,121892.0327,123383.6591,124119.0238,0.017942383,,123385.2771,121892.0327,123383.6591,121892.0327,123405.9015
192584.1244,0,-30316.76098,4783.060503,10289.33711,2206.934967,,1/30/2030,160209.496,169502.2168,170220.3061,0.058810904,,169503.8081,160209.496,169502.2168,160209.496,169286.3692
24085.58955,0,-38066.28771,19093.78047,6820.721877,652.7043225,,1/31/2030,-15344.84254,17164.46604,16096.28057,1.953316045,,16626.81345,-15344.84254,17164.46604,-15344.84254,16211.27602
18324.95936,0,33057.02162,9209.506623,14265.10097,-62.18001593,,2/1/2030,48528.96078,48130.0942,53625.83758,0.095045169,,48133.90669,48528.96078,48130.0942,48528.96078,48157.55461
29415.44155,0,-1484.484471,0,13438.27379,1496.31913,,2/2/2030,25243.30232,25759.9834,26598.9502,0.050966218,,25901.40167,25243.30232,25759.9834,25243.30232,25924.72002
40870.28023,0,2517.52241,710.194781,18701.82462,1337.219445,,2/3/2030,39647.43772,41927.92928,42522.15612,0.067605189,,42020.2443,39647.43772,41927.92928,39647.43772,42043.25887
4508.63198,0,7315.597601,4520.095833,13630.09219,2462.669205,,2/4/2030,9098.211143,9800.430202,9104.058088,0.000642235,,7048.697352,9098.211143,9800.430202,9098.211143,7071.430394
61492.68843,0,-43467.3844,14755.36826,6593.986338,1409.602585,,2/5/2030,16706.50676,37871.45554,40388.24832,0.586352282,,38050.81577,16706.50676,37871.45554,16706.50676,33973.40001
8727.000366,0,4856.231751,944.469168,13595.44584,-77.24540342,,2/6/2030,10864.14295,11868.99465,12409.63873,0.124539949,,11708.86495,10864.14295,11868.99465,10864.14295,11732.15621
24647.78799,0,-903.297833,366.9739331,12646.83588,1422.711229,,2/7/2030,21215.12298,17607.60725,20106.37669,-0.055144013,,18530.84742,21215.12298,17607.60725,21215.12298,18553.80338
12769.65908,0,29957.58299,14197.26883,14116.02503,1232.648538,,2/8/2030,39904.03706,44257.58933,44938.87106,0.112037394,,44258.74883,39904.03706,44257.58933,39904.03706,44281.39212
108052.6238,0,-68143.27074,18083.93868,9598.172028,1562.148147,,2/9/2030,37989.71864,63900.45305,67126.46681,0.434057527,,60367.51169,37989.71864,63900.45305,37989.71864,58184.52373
170.0219109,0,17.46186069,0,12209.23038,597.1340786,,2/10/2030,-2254.362305,3210.298669,1777.298388,2.268420835,,1554948.126,1603241.315,1496830.518,-2254.362305,398.2753017
23573.81697,0,9185.08829,6652.928716,13328.42343,1172.526701,,2/11/2030,30093.22057,28109.5678,31448.19708,0.043085984,,,,,30093.22057,30684.73378
48952.72352,0,48452.50023,23460.59103,13569.63317,1428.928369,,2/12/2030,94691.29712,92940.40079,94228.27962,-0.004913785,,,,,94691.29712,92862.87715
27948.39453,0,5704.684425,324.1026661,14037.56811,1495.88382,,2/13/2030,30845.56533,33262.44596,34702.55708,0.11114431,,,,,30845.56533,33278.3659
68492.01975,0,40863.24396,9771.70125,10561.81469,1613.840987,,2/14/2030,107242.9008,107146.1555,108268.204,0.009470031,,,,,107242.9008,107172.2493
115684.4273,0,-15850.44493,7969.617697,13434.19797,858.0967381,,2/15/2030,97147.1428,106536.9029,108775.1961,0.106899861,,,,,97147.1428,106608.7216
71730.87865,0,-82189.7987,38952.50242,4393.63938,1506.999159,,2/16/2030,-11337.64793,47847.99317,50787.32004,1.223237767,,,,,-11337.64793,35355.64645
91642.4024,0,-33768.29457,7377.126991,6190.16616,-500.1014073,,2/17/2030,56636.0746,74199.17157,74888.76659,0.243730707,,,,,56636.0746,72559.95624
129898.0286,0,32176.46524,9206.646595,13876.91762,-96.66012325,,2/18/2030,159299.1104,163630.2747,164089.8769,0.029195991,,,,,159299.1104,163657.6318
87409.28892,0,-55666.19707,21433.63907,7800.803808,1632.831477,,2/19/2030,30182.93109,66458.65792,68488.01879,0.559296186,,,,,30182.93109,64929.03288
79701.76975,0,-5823.449827,6446.695564,5735.188874,276.7095479,,2/20/2030,72731.28215,65651.18459,72678.29327,-0.000729088,,,,,72731.28215,69065.59009
85228.20365,0,1865.69053,8424.423128,17327.35801,-185.3077198,,2/21/2030,83628.42258,88987.96615,91533.626,0.086363927,,,,,83628.42258,88875.52414
107591.7231,0,3066.830529,2003.541416,12802.1412,2448.745908,,2/22/2030,108098.1254,109292.1535,110511.1693,0.021835295,,,,,108098.1254,109300.7338
19873.17359,0,2676.298543,3049.077124,12084.52011,1438.873918,,2/23/2030,20132.56811,18801.45445,20621.25281,0.023698109,,,,,20132.56811,19564.25209
80242.93807,0,3863.092199,7379.727075,10167.40341,1288.015412,,2/24/2030,82072.54958,76512.84492,82104.46765,0.000388749,,,,,82072.54958,77753.80385
42206.43204,0,-12216.85194,6882.154994,11273.96832,858.5368895,,2/25/2030,27734.78644,36832.83376,36876.19569,0.247894586,,,,,27734.78644,37274.8649
5960.49679,0,-3314.121713,735.5589462,6695.692736,1123.505351,,2/26/2030,1307.236531,1809.96369,3198.785782,0.591333519,,,,,1307.236531,-734.3067558
12828.16215,0,-9832.38319,3189.548716,5929.078661,71.36410967,,2/27/2030,1809.963226,6892.440083,7492.31224,0.758423946,,,,,1809.963226,7330.656613
134167.8061,0,-4547.476736,1679.57567,4156.920054,-103.0177968,,2/28/2030,128788.9454,114305.6118,131553.2469,0.021012796,,,,,128788.9454,121570.2773
7879.676901,0,1043.196112,981.5007064,13209.22979,-512.8245525,,3/1/2030,6281.027056,5740.41756,7324.021161,0.142407304,,,,,6281.027056,5987.944748
4973.10097,0,6619.81848,11275.10596,9946.019414,1603.9913,,3/2/2030,9603.715568,8187.664687,12097.96601,0.206171057,,,,,9603.715568,8247.968943
25646.93427,0,-9871.08883,1855.850895,9725.206626,852.271884,,3/3/2030,13830.80412,17835.44788,20732.82005,0.332902901,,,,,13830.80412,17863.34611
26824.4498,0,-69039.69572,40703.32534,4795.089897,809.034734,,3/4/2030,-43174.2639,16675.61972,16420.64103,3.629267872,,,,,-43174.2639,6704.894905
99854.70566,0,6701.752169,4591.435776,16154.89765,-348.3706461,,3/5/2030,103325.4783,101127.2568,106023.9776,0.025451783,,,,,103325.4783,102813.2188
218805.3484,0,-146632.0831,33551.11667,4024.109983,2348.420639,,3/6/2030,71368.44336,109880.5983,112104.8914,0.363377972,,,,,71368.44336,94381.51903
7918.529154,0,5216.005662,39540.10997,12214.86313,-522.8482199,,3/7/2030,10691.56219,10785.32137,10635.96617,-0.005227171,,,,,10691.56219,10716.41631
159547.602,0,1522.412192,8916.919489,15840.69935,1434.960782,,3/8/2030,157901.8743,157797.0977,165773.547,0.047484492,,,,,157901.8743,159040.0375
19666.36737,0,-1279.601986,322.3612051,9977.895063,2320.844214,,3/9/2030,16391.18638,14849.57252,15619.43156,-0.049409917,,,,,16391.18638,15868.15737
30515.67193,0,-30366.17188,16259.38989,4514.825445,926.0337204,,3/10/2030,-753.4650347,19785.72434,21887.58387,1.034424313,,,,,-753.4650347,19697.92061
109416.233,0,2776.491906,6407.33979,11273.12472,-388.3741348,,3/11/2030,109938.0999,63729.66728,129610.2454,0.151779247,,,,,109938.0999,81065.24531
127780.5407,0,-2355.261864,7225.175875,13262.50636,1254.476018,,3/12/2030,122772.7775,127626.6334,133975.978,0.083620965,,,,,122772.7775,128475.02
143187.5392,0,2688.949365,14723.0195,9845.704273,1752.558755,,3/13/2030,143907.3477,73704.5164,170294.6131,0.154950676,,,,,143907.3477,104504.0599
193874.4047,0,-10621.10849,2909.995305,9541.442984,930.6091822,,3/14/2030,181345.0076,157500.031,180851.076,-0.002731151,,,,,181345.0076,167945.8647
52764.20919,0,6888.993635,2185.283737,13621.91456,865.0498391,,3/15/2030,56928.81992,51369.21976,64790.14765,0.121335234,,,,,56928.81992,52288.24079
8371.193386,0,-19494.10864,6126.338594,6818.977432,1883.410671,,3/16/2030,-12486.71074,3494.698795,4590.385083,3.720188069,,,,,-12486.71074,3472.533579
7640.561688,0,-1260.887425,151.5154603,8014.549553,210.4031594,,3/17/2030,4776.764352,4912.54001,4631.789233,-0.031300025,,,,,4776.764352,5067.276621
40747.61129,0,-44631.98649,12878.05064,5355.913841,512.7006398,,3/18/2030,-4955.557972,21750.2055,23769.95369,1.208479917,,,,,-4955.557972,21320.88437
51270.7317,0,-4191.740031,253.83085,7569.93591,-144.8562405,,3/19/2030,45565.00449,46602.12766,48426.95756,0.059098346,,,,,45565.00449,46862.502
166735.5671,0,12212.73826,3004.757212,13031.14468,412.0507846,,3/20/2030,176342.0764,176343.0787,176774.7396,0.00244754,,,,,176342.0764,176376.8797
147886.7814,0,-27213.15146,5137.968125,6945.605061,1790.704201,,3/21/2030,119284.5089,129250.7759,131201.8579,0.090832166,,,,,119284.5089,128627.1976
62360.58729,0,-3743.082117,2874.727821,11844.07173,270.1869999,,3/22/2030,56248.69083,58075.82682,60492.78186,0.070158636,,,,,56248.69083,58687.32421
11234.79082,0,16961.4355,10900.07286,11124.11577,1516.042686,,3/23/2030,25971.40316,26810.6466,28901.60274,0.101385366,,,,,25971.40316,26843.57366
2808.006812,0,-563.583891,0,8281.364994,1347.026046,,3/24/2030,588.1499224,980.6578624,469.5386709,-0.252612317,,,,,588.1499224,420.2304209
2254.117832,0,3964.244876,2976.503943,9310.729013,632.8338215,,3/25/2030,4356.216905,4807.104103,6776.72174,0.357179316,,,,,4356.216905,5629.866512
2409.743465,0,2220.964686,5539.488699,9890.553099,904.0208269,,3/26/2030,2652.59753,3273.843795,3540.183707,0.250717548,,,,,2652.59753,1381.411005
66559.62041,0,-16490.13761,2257.057389,7612.949633,1062.462034,,3/27/2030,48546.89287,49288.44027,53003.69978,0.084084827,,,,,48546.89287,52095.68232
37807.51373,0,-21499.43912,5203.977065,6424.952809,483.9608387,,3/28/2030,15023.08404,28150.19668,29768.88868,0.495342799,,,,,15023.08404,28107.54968
184766.5034,0,-1964.061593,93.06094242,7297.364068,182.237621,,3/29/2030,181342.969,183243.3354,186229.0241,0.026236808,,,,,181342.969,183278.5461
92558.51625,0,19307.20963,23247.27044,11066.04634,413.3250292,,3/30/2030,109652.5166,112818.0064,114002.3483,0.038155632,,,,,109652.5166,112852.9817
19070.60884,0,7728.393837,9302.999828,8871.040759,1402.168233,,3/31/2030,25024.79453,24888.77792,24121.96297,-0.037427781,,,,,25024.79453,24953.97672
26132.52068,0,15937.41639,26319.13986,8851.574363,839.9937523,,4/1/2030,40299.6222,40155.74848,40545.8576,0.00607301,,,,,40299.6222,40240.81852
105136.1549,0,3889.716025,593.7547551,12115.57352,843.4495027,,4/2/2030,106602.7562,105442.2976,109745.3879,0.028635661,,,,,106602.7562,106099.264
24134.20699,0,-9171.243899,3286.962545,7818.669241,1714.252889,,4/3/2030,13399.22924,15412.89932,15713.51942,0.147280194,,,,,13399.22924,16300.3412
3570.510818,0,97.76983293,48.7533073,9186.40809,589.9104369,,4/4/2030,1830.999033,1634.567043,4206.822657,0.56475488,,,,,1830.999033,1307.394749
2183.242818,0,2099.511123,2055.61402,10141.18418,960.7497013,,4/5/2030,2254.517104,2436.538995,2503.855661,0.099581841,,,,,2254.517104,2349.49076
16205.4864,0,-12609.52044,3331.187497,10134.23729,1225.444198,,4/6/2030,1569.118503,7563.873367,9151.679262,0.828543106,,,,,1569.118503,7866.346997
2413.721329,0,1590.763849,17815.87416,12173.89713,1235.201268,,4/7/2030,1569.705751,2343.989173,2195.340215,0.28498292,,,,,1569.705751,2418.172571
22914.17372,0,21220.27784,22549.3691,9926.725175,1797.197015,,4/8/2030,42149.10652,38769.22175,49605.19356,0.150308597,,,,,42149.10652,39409.7301
7670.692117,0,-1891.895038,375.5027312,10839.59085,1204.818005,,4/9/2030,3610.878909,6343.300961,6291.308171,0.426052768,,,,,3610.878909,6540.239021
86817.68031,0,-24403.86013,5449.341822,7543.088573,1464.777871,,4/10/2030,60905.20247,71417.1317,72194.60174,0.156374563,,,,,60905.20247,71005.49471
46170.64289,0,-1203.210132,1480.998371,9563.371104,577.2371418,,4/11/2030,43054.75854,47599.14045,47447.49847,0.092581065,,,,,43054.75854,47637.6173
6129.963218,0,-32022.59261,12738.89384,6297.276502,1137.913299,,4/12/2030,-27152.08469,-279.6969136,-401.6686562,66.59821627,,,,,-27152.08469,-1403.137137
90.3992203,0,-1.30E-15,0,9084.558466,249.6612945,,4/13/2030,-1726.512473,-1062.090876,1972.912901,1.875108309,,,,,-1726.512473,-1169.243929
9498.823747,0,-11497.84599,2356.246771,5327.91788,1023.664884,,4/14/2030,-3064.605822,877.4576465,549.1136909,6.581004213,,,,,-3064.605822,-1542.998968
110.4199173,0,124.3849457,0,9988.355597,-7.157137727,,4/15/2030,-1762.866256,-1746.282095,-536.8063931,2.283988937,,,,,-1762.866256,-1266.899595
14173.94037,0,-2978.302417,290.6259754,10199.97218,1290.597185,,4/16/2030,9155.643514,8561.962425,10688.1458,0.143383363,,,,,9155.643514,8548.630078
21672.88936,0,54486.50844,38979.078,10296.79783,1361.783025,,4/17/2030,74100.03823,74870.65141,76356.03886,0.029545805,,,,,74100.03823,74906.24937
64537.35705,0,-35742.60456,9735.251683,7431.161942,1401.656674,,4/18/2030,27308.5201,46775.75661,48635.32925,0.438504467,,,,,27308.5201,46270.69964
106171.3403,0,-69367.08214,16809.55566,3669.590909,607.720334,,4/19/2030,36070.34001,59339.53882,60111.34653,0.399941241,,,,,36070.34001,56175.92745
66751.60149,0,24952.47884,9280.735899,10769.39254,-446.6647621,,4/20/2030,89550.20181,92738.1545,93208.11357,0.039244564,,,,,89550.20181,90566.56418
13404.61338,0,-4914.92039,947.7765389,6574.690456,1562.757827,,4/21/2030,7174.754895,8892.537423,8110.276754,0.115350177,,,,,7174.754895,8701.506074
30102.26355,0,-31673.83521,4863.490078,3620.875892,384.6382086,,4/22/2030,-2295.746837,9897.211324,12282.20581,1.186916493,,,,,-2295.746837,10914.84865
73.60203108,0,1218.904621,218.203547,9938.559997,-450.8766259,,4/23/2030,-695.2053476,1834.724586,3036.155642,1.22897553,,,,,-695.2053476,1182.722688
1329.915696,0,2085.73703,335.1858612,9819.162351,1353.692843,,4/24/2030,1451.820256,1557.04518,3832.40555,0.621172593,,,,,1451.820256,1706.070096
11436.58015,0,-5147.3348,1156.984001,7861.264335,1331.999868,,4/25/2030,4716.992481,6506.512045,6368.122341,0.259280487,,,,,4716.992481,6373.701509
4022.424829,0,10530.26481,2440.739841,10030.22648,780.1649723,,4/26/2030,12546.64435,13354.80941,16172.68519,0.224207718,,,,,12546.64435,13392.63494
22244.10262,0,10366.21997,29202.47123,8524.927688,1415.420141,,4/27/2030,30905.33706,30874.11423,32526.53207,0.049842234,,,,,30905.33706,30911.73266
26145.9947,0,2469.232498,2915.375999,13629.30709,991.14263,,4/28/2030,25889.36578,26807.68888,26837.51509,0.035329251,,,,,25889.36578,26845.10204
36403.20178,0,-18960.11952,1755.91427,6239.17668,2490.729946,,4/29/2030,16195.24693,22219.80895,25207.08429,0.357512089,,,,,16195.24693,22257.01862
112305.1067,0,-2284.931736,445.7241112,11361.27614,345.771242,,4/30/2030,107747.9197,110860.2557,112552.1396,0.042684394,,,,,107747.9197,110871.2308
3555.750367,0,-2426.99851,164.693195,6540.798865,1858.193135,,5/1/2030,-179.4079153,653.1515377,729.2311984,1.246023368,,,,,-179.4079153,1138.998754
10751.086,0,-13672.02515,7326.119534,3238.220866,449.5865306,,5/2/2030,-3568.583319,2202.912804,2558.785286,2.394639612,,,,,-3568.583319,1480.071857
2446.201038,0,58.42309487,0,10266.30467,-522.6868756,,5/3/2030,451.363199,1496.10595,1770.31863,0.74503844,,,,,451.363199,-1701.835149
252.3051651,0,874.0843793,874.2798106,8765.179116,1564.971865,,5/4/2030,-626.6462788,-752.7053114,38.62253754,17.22488626,,,,,-626.6462788,-27.18703916
12278.12375,0,797.474748,4.502826951,11432.114,1131.097285,,5/5/2030,10789.1757,11825.28669,14534.1944,0.257669507,,,,,10789.1757,11764.38353
13938.06304,0,2317.787482,3803.770327,11243.821,1941.53949,,5/6/2030,14007.08632,14666.97253,13914.99024,-0.006618479,,,,,14007.08632,14748.66358
719.0871114,0,-2322.253179,2607.871282,9379.614871,1902.891646,,5/7/2030,-3479.089042,-992.2663843,-721.9850707,3.818782524,,,,,-3479.089042,-777.1744001
4459.725875,0,-13364.00387,3879.495614,3157.745664,1355.528527,,5/8/2030,-9535.827129,-419.07944,-651.7982442,13.63002887,,,,,-9535.827129,-488.0444078
14585.05903,0,-11851.25473,4178.143756,6730.481815,-522.7617719,,5/9/2030,1387.70794,12027.89363,12125.16605,0.885551428,,,,,1387.70794,12404.62461
39037.1767,0,-17028.59529,4233.658399,6584.760655,565.2767427,,5/10/2030,20691.62928,11372.05156,22617.00728,0.085129654,,,,,20691.62928,11355.11612
47409.53891,0,-6768.277767,3696.69363,10579.86412,527.2348622,,5/11/2030,38525.28832,34732.35385,37917.97851,-0.016016408,,,,,38525.28832,36970.7226
52965.94745,0,-27082.57879,8834.300073,3155.275056,1758.236022,,5/12/2030,25252.31364,46046.08532,47348.14016,0.466667253,,,,,25252.31364,45638.21275
150322.1168,0,-93.10070956,0,10349.71643,-511.2970344,,5/13/2030,148159.0728,146959.1216,151616.1219,0.022801329,,,,,148159.0728,147894.2827
115244.2069,0,-19675.51535,11619.48167,6015.495929,1708.185627,,5/14/2030,94365.59236,56283.52269,92943.10979,-0.015304874,,,,,94365.59236,76520.30682
20291.15021,0,-595.7347558,106.6949918,12201.36964,380.129115,,5/15/2030,17255.14152,18712.85632,18087.82439,0.046035546,,,,,17255.14152,18326.34424
1464.239612,0,-2658.739461,49.3672981,5771.392018,2309.55133,,5/16/2030,-2348.778253,-140.772095,-519.1445203,3.524324463,,,,,-2348.778253,-420.1047127
24415.29123,0,3891.992106,15186.74473,8372.361365,320.0546224,,5/17/2030,26632.81106,8104.181647,49696.32855,0.464088961,,,,,26632.81106,12430.96301
10587.25701,0,9286.913908,16735.20076,7398.63739,1140.225448,,5/18/2030,18394.44344,10778.10044,31100.35341,0.408545517,,,,,18394.44344,10882.38635
6871.696688,0,-2621.093017,885.1547137,8707.486953,844.2179307,,5/19/2030,2509.10628,3283.564225,3198.641369,0.215571241,,,,,2509.10628,3397.069409
3099.516271,0,450.0433401,194.8119614,11544.00861,1266.026303,,5/20/2030,1240.757888,1845.096119,1616.41328,0.232400585,,,,,1240.757888,1752.642016
1440.469784,0,1133.453006,290.5222145,7896.764262,2178.452974,,5/21/2030,994.5699369,957.8497741,5877.626338,0.830787144,,,,,994.5699369,1192.012909
8380.205061,0,6957.910798,3964.527943,7438.468004,1034.301789,,5/22/2030,13850.42226,13387.67549,13352.13018,-0.037319295,,,,,13850.42226,13493.23703
19109.9145,0,-7486.93831,2249.495938,8247.706311,897.1937416,,5/23/2030,9973.434929,12490.85418,12632.20648,0.210475625,,,,,9973.434929,13295.94854
9823.209981,0,-5437.118196,1615.324014,3928.387649,1165.915775,,5/24/2030,3600.414255,6027.295414,6177.14838,0.417139749,,,,,3600.414255,5566.859668
3102.091575,0,-778.4363106,123.8660267,6552.714467,-216.1318701,,5/25/2030,1013.112371,668.841895,3676.443063,0.724431372,,,,,1013.112371,823.3756912
4235.881311,0,-3852.948763,498.9251346,3756.679259,633.7592299,,5/26/2030,-368.403304,1067.445716,750.754102,1.49071101,,,,,-368.403304,1221.05237
111.3739672,0,941.7439053,1068.58594,8877.511611,-265.2227542,,5/27/2030,-722.3844497,113.6058337,29.53188977,25.46116572,,,,,-722.3844497,32.4655908
4473.286765,0,-85.20772349,22.60272487,9288.719055,1399.929394,,5/28/2030,2530.335231,1636.132525,2047.628351,-0.235739498,,,,,2530.335231,2071.081541
19496.93336,0,769.7244787,231.0674017,10701.18315,1546.840489,,5/29/2030,18126.42121,19276.46138,18708.02511,0.031088471,,,,,18126.42121,19298.82006
22237.30754,0,689.8594808,400.6188335,9351.772194,2024.404536,,5/30/2030,21056.81258,12233.90188,21461.14765,0.018840328,,,,,21056.81258,16153.22901
3525.666075,0,4228.439442,1789.365755,9030.545089,1597.728291,,5/31/2030,5947.996499,6218.058094,8208.509008,0.275386493,,,,,5947.996499,6546.031538
10641.6381,0,2338.350402,1301.759952,9248.823133,1505.622037,,6/1/2030,11130.22387,8842.129495,14368.71226,0.225384734,,,,,11130.22387,8329.89948
64238.67113,0,-9520.984804,3161.83813,7955.342356,1591.776525,,6/2/2030,53126.61786,53672.64468,56798.06239,0.064640313,,,,,53126.61786,53847.93175
19162.79947,0,-20299.54992,9907.685934,3724.620503,1173.549316,,6/3/2030,-1881.674556,13227.82703,12621.56937,1.14908404,,,,,-1881.674556,12349.81623
50837.57337,0,13633.58296,6493.988492,10364.37797,-234.1161071,,6/4/2030,62398.28073,58987.13563,63862.95653,0.022934669,,,,,62398.28073,59589.24828
90046.03657,0,-56127.2016,14722.6113,3454.896629,1999.64534,,6/5/2030,33227.85564,53123.38449,55438.84247,0.400639441,,,,,33227.85564,53777.19896
30358.59011,0,-18003.05829,6320.741238,3930.390405,-316.1989471,,6/6/2030,11569.45375,21418.69212,22728.21413,0.49096512,,,,,11569.45375,20784.36137
609.8570358,0,1177.726863,3285.581521,7664.749223,-153.517055,,6/7/2030,254.6340544,386.6782104,615.8290683,0.586518293,,,,,254.6340544,809.3217309
14846.09554,0,10366.6957,3509.351174,7442.578524,1114.653706,,6/8/2030,23724.27554,17868.71266,34571.85352,0.31376906,,,,,23724.27554,17150.2786
2071.497443,0,2428.252062,2729.768766,8364.343209,1049.121268,,6/9/2030,2826.880863,2324.764178,2759.028274,-0.02459293,,,,,2826.880863,2463.264023
77947.56733,0,-41542.2759,20972.78497,5129.867064,1373.849795,,6/10/2030,35379.31802,38711.30916,45774.98703,0.227103702,,,,,35379.31802,39295.18911
83097.88152,0,-14782.22709,3373.682765,6955.606418,276.2155592,,6/11/2030,66924.53315,46872.73829,69827.07126,0.041567519,,,,,66924.53315,58122.55934
4129.603641,0,-6019.943274,744.1735662,2782.457144,908.727171,,6/12/2030,-2446.831062,593.1079754,942.3050119,3.596644431,,,,,-2446.831062,428.9346785
8922.54943,0,-13482.30735,1607.754518,2783.743511,-522.1952828,,6/13/2030,-5116.506624,857.4565571,304.763161,17.78846816,,,,,-5116.506624,-1326.960858
3227.936043,0,1276.998394,781.8497271,6827.608135,-520.3810658,,6/14/2030,3139.412809,2586.684937,3628.320691,0.134747704,,,,,3139.412809,2701.542664
4531.852033,0,2395.6631,1354.13388,6703.480101,879.8195383,,6/15/2030,5586.819112,3477.151961,6956.766557,0.196923015,,,,,5586.819112,3401.205613
43046.19911,0,-38792.99123,14076.65377,5191.255104,845.008916,,6/16/2030,3214.956861,25117.55476,27572.38899,0.883399409,,,,,3214.956861,25911.12279
8425.52284,0,-49827.87067,28152.72756,3586.526744,326.0009933,,6/17/2030,-42119.65318,3599.180739,3081.890072,14.66682529,,,,,-42119.65318,-525.5047017
111094.9966,0,-17477.99034,3499.997364,8272.778597,-229.5106781,,6/18/2030,91962.45051,98102.83282,101017.8504,0.089641582,,,,,91962.45051,94229.56746
23038.92062,0,14208.37418,1269.563125,9031.407453,1413.628236,,6/19/2030,35441.01331,35549.16913,42532.95311,0.166739887,,,,,35441.01331,35359.45821
4291.450061,0,-690.538915,89.16142627,8920.991055,1693.254606,,6/20/2030,1816.712935,2993.842173,2455.702115,0.260206307,,,,,1816.712935,3066.732466
1567.700663,0,-424.7602389,60.71393907,7484.781323,1669.176851,,6/21/2030,-354.0158407,-285.9896845,-703.1743673,-0.496546152,,,,,-354.0158407,-1024.282035
9244.956227,0,-9362.701477,3017.175005,2845.27345,1173.517493,,6/22/2030,-686.79994,3156.576986,3337.239316,1.205798828,,,,,-686.79994,3648.812862
14379.88609,0,1069.145732,154.1900455,10237.78642,-468.704521,,6/23/2030,13401.47454,12826.91287,16960.17133,0.209826701,,,,,13401.47454,12822.89042
29811.90585,0,-17407.77649,6552.478953,4739.519915,2172.016778,,6/24/2030,11456.22538,21300.04453,21199.34738,0.459595375,,,,,11456.22538,20486.28694
35115.59624,0,21084.936,4263.547898,8300.766821,217.2352713,,6/25/2030,54540.37887,55482.00554,59461.98969,0.082769024,,,,,54540.37887,54820.09257
37280.08282,0,55950.49005,24153.24764,6444.415666,1502.987789,,6/26/2030,91941.68974,89893.16434,95107.07701,0.033282353,,,,,91941.68974,90692.24219
77914.57366,0,-4085.749949,2152.182934,8799.61909,844.9007286,,6/27/2030,72068.89989,62060.86916,71973.87144,-0.001320319,,,,,72068.89989,67879.97819
10397.21219,0,2638.195415,3046.220458,7391.394975,1707.558287,,6/28/2030,11557.12861,8590.988738,14984.84517,0.228745544,,,,,11557.12861,9107.606654
3401.697403,0,-931.3548502,560.4502317,7779.474813,1208.993104,,6/29/2030,914.4475898,1004.19634,1287.413462,0.289701703,,,,,914.4475898,1138.006565
10582.64558,0,-983.5393901,400.3434837,5800.528581,1361.700677,,6/30/2030,8439.000472,8825.73346,8356.657971,-0.009853521,,,,,8439.000472,8666.362608
4985.780691,0,1815.860731,1059.344469,8578.555926,646.4965605,,7/1/2030,5085.930237,5508.032448,6442.004829,0.210505057,,,,,5085.930237,5742.40538
8306.507643,0,3472.518144,2573.048614,8105.458336,1677.241672,,7/2/2030,10157.93412,7550.359456,11729.0949,0.133954137,,,,,10157.93412,8220.726057
7246.148169,0,4166.515608,2343.446144,7677.135464,1516.56671,,7/3/2030,9877.236684,9787.469299,10424.11471,0.052462779,,,,,9877.236684,7146.243042
11346.91498,0,-6785.31774,13.93781828,4317.586125,1370.351575,,7/4/2030,3698.08002,3771.148761,6262.467627,0.409485168,,,,,3698.08002,5864.535673
4852.177497,0,-15464.06972,7896.437602,3569.438326,128.1405752,,7/5/2030,-11325.77989,403.0457474,256.3851886,45.17486032,,,,,-11325.77989,810.6891711
10720.33658,0,-26058.99806,13213.81652,2561.177501,-147.706056,,7/6/2030,-15850.89698,2192.252312,1822.740572,9.696189256,,,,,-15850.89698,-1922.732222
1098.961507,0,-297.7208435,6252.456718,7515.242631,-522.513096,,7/7/2030,-701.8078631,337.1344083,458.981017,2.529056403,,,,,-701.8078631,9.78903335
1184.582182,0,386.522614,0,8184.603953,1337.759773,,7/8/2030,-65.81599412,-191.0046009,2895.737716,1.022728576,,,,,-65.81599412,-362.7812436
1537.958756,0,716.8008327,6087.02208,6242.386852,1601.948638,,7/9/2030,1006.282219,1247.483033,1248.571504,0.194053192,,,,,1006.282219,1336.494445
34703.31792,0,17307.09102,9532.406141,7040.761421,879.8516653,,7/10/2030,50602.25666,42586.79616,57880.08237,0.125739726,,,,,50602.25666,44019.91671
62870.49107,0,9559.081868,3380.985681,9577.669995,1191.43361,,7/11/2030,70514.03894,63921.35849,75239.71422,0.062808257,,,,,70514.03894,66041.62388
26286.92271,0,-24083.92829,10749.138,6638.826151,2170.773534,,7/12/2030,875.2291966,14194.52413,17119.36651,0.948874907,,,,,875.2291966,14291.97524
30819.17353,0,9009.917002,1318.00988,8801.154068,1061.850759,,7/13/2030,38068.85972,39191.94769,41478.57125,0.08220417,,,,,38068.85972,39216.60532
3084.943791,0,2071.076202,1454.328899,6661.589583,1904.298824,,7/14/2030,3823.702076,4162.902205,3479.380722,-0.098960528,,,,,3823.702076,4117.715391
8352.70761,0,4647.784213,4154.246758,6966.269946,1092.552887,,7/15/2030,11607.23783,6855.471372,18583.36476,0.37539633,,,,,11607.23783,8556.055264
4179.557811,0,5078.553258,16136.83719,6260.575465,1220.470601,,7/16/2030,8005.995976,8061.70434,7556.271506,-0.059516717,,,,,8005.995976,8084.507662
13919.8812,0,-83287.20782,53751.43963,4483.703689,955.8763306,,7/17/2030,-70264.06736,6806.472488,7020.854502,11.0079082,,,,,-70264.06736,-7468.456911
34951.9223,0,5275.358921,6288.654765,7435.863865,269.7182615,,7/18/2030,38740.10845,19528.54639,51875.17281,0.253205217,,,,,38740.10845,24899.17637
21083.39128,0,-58952.13654,31310.75414,4345.180202,1431.666093,,7/19/2030,-38737.78129,5300.230209,7982.587305,5.852785171,,,,,-38737.78129,-7764.496409
840.4381969,0,1292.965093,1012.758431,7437.732313,226.9933235,,7/20/2030,645.8568277,576.8236628,1369.709401,0.52847164,,,,,645.8568277,638.1000314
14521.08944,0,-9180.288108,3504.619571,5189.826656,1451.805635,,7/21/2030,4302.836,9436.777377,8955.646086,0.519539299,,,,,4302.836,9266.685269
8015.191573,0,-589.2060584,49.74455436,6833.539105,572.9693681,,7/22/2030,6059.277693,6237.540433,6201.229928,0.022890981,,,,,6059.277693,6301.467786
7907.884731,0,1331.631588,2829.309882,8519.872594,1232.492561,,7/23/2030,7535.5418,7307.550502,8037.304353,0.062429209,,,,,7535.5418,7873.676123
27313.65466,0,-54134.6189,36738.38516,4019.752894,1916.718048,,7/24/2030,-27624.91481,11208.95694,17074.09457,2.617943177,,,,,-27624.91481,-176.4827217
3187.675633,0,2631.803515,1025.293791,7399.646714,128.2071452,,7/25/2030,4339.549806,4385.797361,4708.16084,0.078291937,,,,,4339.549806,4442.64734
3203.058242,0,-512.778628,0,5840.507222,1490.307586,,7/26/2030,1522.178169,-254.8517365,3012.327473,0.494683701,,,,,1522.178169,-3.366878053
2885.426015,0,-171.457337,31.68928404,7309.282617,873.3024984,,7/27/2030,1252.112155,2010.997724,1943.159012,0.355630627,,,,,1252.112155,2099.902883
3225.5931,0,-1360.914551,209.8182303,6114.609813,1476.316132,,7/28/2030,641.756587,1227.5545,1062.789784,0.396158491,,,,,641.756587,1355.939151
4748.146577,0,171.4844213,10.50464641,7458.685794,1002.65058,,7/29/2030,3427.893839,4124.275084,4188.755176,0.181643783,,,,,3427.893839,4282.344766
495.8634716,0,106.1767,0,7009.15643,1560.31265,,7/30/2030,-799.7911145,186.5345744,2337.693777,1.342128264,,,,,-799.7911145,-993.2052109
4417.531635,0,22077.59044,5330.967991,5845.341167,1389.045524,,7/31/2030,25326.05385,25467.28434,28620.31935,0.115102332,,,,,25326.05385,28292.51352
48337.29223,0,17666.3698,2100.826091,6519.02665,921.5605964,,8/1/2030,64699.85669,62440.55178,62937.72646,-0.027997996,,,,,64699.85669,62457.55061
17508.33306,0,-17524.52627,2059.750305,3203.045445,1208.021945,,8/2/2030,-656.8022992,8685.651459,8570.646069,1.076633931,,,,,-656.8022992,8363.329244
1747.54622,0,6239.206442,11268.86416,7064.144771,-155.6525288,,8/3/2030,6573.923707,7177.260653,7023.841789,0.064055839,,,,,6573.923707,7195.27199
867.9475636,0,4634.312498,2236.738995,6214.523618,1449.849776,,8/4/2030,4259.355338,4217.240404,6334.241654,0.327566649,,,,,4259.355338,4127.430894
7571.637529,0,-15812.41355,4558.213283,3722.922679,1107.475279,,8/5/2030,-8985.36056,3200.062875,2990.410449,4.004724841,,,,,-8985.36056,3357.978984
1905.961333,0,-298.1574001,0,3976.696367,74.49818115,,8/6/2030,812.4646596,331.8775277,3993.064229,0.796531032,,,,,812.4646596,248.0499477
16888.69156,0,-4870.017284,554.5439838,3984.384166,184.2387321,,8/7/2030,11221.79744,5323.180602,15359.06954,0.26936997,,,,,11221.79744,9439.323369
8403.883599,0,12673.15919,63626.66511,6960.466261,191.3675435,,8/8/2030,19684.94954,20315.86339,19528.96502,-0.007987342,,,,,19684.94954,20339.7535
8848.776221,0,9917.979056,76393.76907,5602.495798,1449.397036,,8/9/2030,17646.25612,17676.86163,17273.32779,-0.021589837,,,,,17646.25612,17692.4012
8760.726974,0,-4780.513896,2122.384426,7287.893561,886.5975302,,8/10/2030,2522.634365,7473.183885,7642.955132,0.669939922,,,,,2522.634365,7474.937959
7615.764313,0,-75.28126796,8132.861628,8081.878477,1610.393191,,8/11/2030,5924.107349,5300.269082,7851.3988,0.245471094,,,,,5924.107349,5326.576481
1264.721909,0,-7623.270402,259.5935073,2363.963921,1962.785447,,8/12/2030,-6831.341278,-563.260378,-441.7184489,14.46537459,,,,,-6831.341278,-976.3015486
638.9374271,0,0,0,3363.577906,-470.0195383,,8/13/2030,-33.77815416,-561.4941782,410.3215533,1.082321179,,,,,-33.77815416,-512.1895052
10387.34725,0,-7393.317914,1281.153785,3276.968044,-40.38225596,,8/14/2030,2338.635732,2665.878081,6831.101898,0.657648829,,,,,2338.635732,3378.491678
1783.060798,0,9902.122942,2972.025094,7316.404339,-74.67432779,,8/15/2030,10221.90287,12262.80863,14005.24505,0.270137521,,,,,10221.90287,9938.265532
7455.985378,0,-30534.239,8721.029928,3469.67971,1667.900752,,8/16/2030,-23772.18956,2533.977072,2496.937266,10.52053938,,,,,-23772.18956,2799.537724
3198.008057,0,-22508.6997,10520.01048,3046.717861,17.5387926,,8/17/2030,-19920.03522,1087.794544,916.5561389,22.73356805,,,,,-19920.03522,1243.231537
4754.226525,0,-1946.84215,7.343085998,3892.794395,-162.4702617,,8/18/2030,2028.825496,2489.596521,4641.693018,0.562912608,,,,,2028.825496,2504.546164
34985.17091,0,11904.21378,1510.206575,7050.734647,206.9931136,,8/19/2030,45479.23776,47476.78165,49763.66414,0.086095477,,,,,45479.23776,47559.93787
6708.064742,0,-13288.55162,3266.862119,3687.150146,1585.815484,,8/20/2030,-7317.916912,2740.863501,4153.43703,2.761894272,,,,,-7317.916912,1336.914551
28713.48195,0,-44466.31762,22700.74493,2183.03094,128.3365745,,8/21/2030,-16189.44185,6709.546399,9174.439739,2.764624578,,,,,-16189.44185,2190.795987
7156.564283,0,-7351.309783,777.4481528,2401.65986,-526.1717651,,8/22/2030,-675.0774725,4054.899523,5197.02633,1.129896874,,,,,-675.0774725,2047.10268
66830.96602,0,-12525.01363,2255.506914,5181.443209,-429.1653013,,8/23/2030,53269.66374,53977.26425,58679.28874,0.092189683,,,,,53269.66374,56814.55308
30878.2149,0,-6842.590817,1788.39811,5605.335784,792.6166959,,8/24/2030,22914.55693,26014.56705,27814.88699,0.176176522,,,,,22914.55693,26022.25271
6343.356787,0,-7979.733429,1288.049248,2226.102386,986.617512,,8/25/2030,-2081.597118,2329.476296,2631.179011,1.791127137,,,,,-2081.597118,15.19300177
15357.08806,0,775.7031916,1735.971004,6263.455421,-498.2240101,,8/26/2030,14880.10017,12227.42811,16400.67911,0.092714389,,,,,14880.10017,11781.12287
37825.8682,0,9864.563455,2538.696802,6054.895433,1289.966977,,8/27/2030,46479.45257,50064.44029,50935.01402,0.087475414,,,,,46479.45257,50084.61434
9018.225217,0,-3016.492504,714.0534074,5498.190489,1207.802812,,8/28/2030,4902.094615,6673.961177,6998.703862,0.299571076,,,,,4902.094615,6891.135426
18281.75601,0,9525.179695,4586.593789,7394.805313,969.2892767,,8/29/2030,26327.97464,28520.60716,29478.14832,0.106864707,,,,,26327.97464,26747.78376
17526.15091,0,18220.70481,3415.346986,5435.935558,1827.303907,,8/30/2030,34659.66861,35177.99912,37685.33258,0.080287575,,,,,34659.66861,37104.64941
42431.06526,0,-51235.91914,19128.3656,3808.93453,960.7375961,,8/31/2030,-9566.640786,12172.99291,12412.30116,1.770738694,,,,,-9566.640786,7038.278515
3645.566025,0,-7739.781181,3714.727875,2472.551508,235.0115964,,9/1/2030,-4588.725458,34.50084278,361.6240902,13.68921397,,,,,-4588.725458,-344.5994098
9118.544384,0,15927.86921,6362.607037,6489.566361,-364.6380953,,9/2/2030,23748.50032,23961.55594,27179.36175,0.12623039,,,,,23748.50032,23812.28244
13798.11245,0,10342.38366,4974.440391,6040.559805,1455.944292,,9/3/2030,22932.38416,22027.8738,24573.81608,0.066795972,,,,,22932.38416,22067.52577
29622.83252,0,-2859.6731,131.8841964,7454.598734,1263.403834,,9/4/2030,25272.23968,22467.73725,25081.62272,-0.007599865,,,,,25272.23968,22066.45145
68486.31066,0,7029.58962,1940.459895,6510.126266,1919.865987,,9/5/2030,74213.87503,71912.5185,74848.77121,0.008482386,,,,,74213.87503,71864.71205
23857.51184,0,7221.527175,6673.159874,7112.823501,1502.000135,,9/6/2030,29656.47431,28713.78984,30770.60165,0.036207525,,,,,29656.47431,28747.75159
59578.94449,0,-42300.33807,19271.60433,2744.14659,1791.956816,,9/7/2030,16729.7771,36642.18571,39683.49906,0.578419809,,,,,16729.7771,37283.9267
35098.45074,0,2286.603597,12156.10825,6271.657433,-213.9310702,,9/8/2030,36130.72285,37914.99395,41554.6523,0.130525203,,,,,36130.72285,38119.96872
8238.439591,0,3252.368129,20689.92769,7030.680882,1422.057444,,9/9/2030,10084.67154,10852.53313,10319.39037,0.022745416,,,,,10084.67154,10860.62453
45866.17777,0,-32214.53532,8924.868902,4842.926192,1786.908495,,9/10/2030,12683.05722,24081.51558,27044.84446,0.531036045,,,,,12683.05722,22234.42835
95420.26496,0,-65974.65126,37897.76529,2049.0718,778.6727989,,9/11/2030,29035.79934,36908.92467,41676.52848,0.303305712,,,,,29035.79934,33077.78078
58585.81789,0,-80385.60414,35357.06642,2048.891836,-522.4088898,,9/12/2030,-22209.56461,20340.90412,23425.11477,1.948109106,,,,,-22209.56461,7389.93058
527.137101,0,5877.929411,5884.658051,6259.140447,-521.2550309,,9/13/2030,5153.238423,5284.93406,6868.477707,0.249726265,,,,,5153.238423,5263.159877
58951.56524,0,-14932.21729,729.2765009,3922.156006,1457.065125,,9/14/2030,43234.91675,41707.65454,43324.36438,0.002064603,,,,,43234.91675,41871.03241
69184.31401,0,-39274.91479,21139.63199,2136.954746,366.2888261,,9/15/2030,29482.00827,48621.77012,55149.80842,0.46541957,,,,,29482.00827,40335.48683
49166.33194,0,-1953.577948,162.6035433,9521.228544,-472.2459227,,9/16/2030,45308.50829,42258.79482,50179.49125,0.097071191,,,,,45308.50829,43489.89889
12377.83616,0,252.5296667,793.122135,7557.420393,3027.565269,,9/17/2030,11118.88175,10847.36001,12252.65402,0.092532791,,,,,11118.88175,11256.1317
12503.52877,0,-14820.73235,5603.028986,4823.461335,2117.285117,,9/18/2030,-3281.895849,9924.658954,10524.58212,1.311831464,,,,,-3281.895849,9666.573157
54322.94377,0,-9439.917268,5165.860999,6739.067071,824.9287105,,9/19/2030,43535.21309,40649.92987,48900.92772,0.109726234,,,,,43535.21309,43168.79532
16388.29183,0,-8927.03718,8303.868184,2359.292131,1752.339902,,9/20/2030,6989.396227,8743.352961,9051.473706,0.227816767,,,,,6989.396227,8667.031623
11578.06183,0,-1080.150508,2243.605638,5050.878155,-345.2449267,,9/21/2030,9487.73569,10571.34862,15678.96952,0.394875047,,,,,9487.73569,9326.596056
10576.4416,0,-8307.101151,2813.498013,3782.36575,955.4003934,,9/22/2030,1512.867294,6277.295287,6458.452271,0.765753894,,,,,1512.867294,6244.228373
39942.56713,0,26266.86517,8177.556895,6062.634993,348.8764174,,9/23/2030,64996.9053,61987.64823,70378.23115,0.076462931,,,,,64996.9053,61587.82337
6035.808173,0,-6142.611778,1097.116391,3924.917043,1460.901664,,9/24/2030,-891.7870141,2977.371681,3333.579482,1.26751635,,,,,-891.7870141,2993.837926
33879.93749,0,-2.289319586,0,6161.704333,429.9751109,,9/25/2030,32645.30731,32919.73057,33713.07913,0.031672332,,,,,32645.30731,33112.9401
34495.61944,0,1760.811615,386.2817435,8150.190929,1528.386566,,9/26/2030,34626.39287,34854.03079,36170.45371,0.042688457,,,,,34626.39287,34908.3299
38778.52725,0,-51267.73477,25573.14496,2592.1338,2517.805038,,9/27/2030,-13007.63428,10076.73031,16406.18878,1.792849238,,,,,-13007.63428,3433.265274
8636.760294,0,2041.212148,1030.884744,7292.616164,-204.2471316,,9/28/2030,9219.449209,9449.459371,9380.316,0.0171494,,,,,9219.449209,9436.477381
41204.76982,0,-31478.24503,10423.72032,3259.1077,2121.164787,,9/29/2030,9074.70325,23487.95462,26110.74834,0.652453345,,,,,9074.70325,21332.75982
10441.57132,0,-1079.131218,2791.299773,7306.794107,134.7799804,,9/30/2030,7901.08128,8532.236849,9137.984266,0.135358406,,,,,7901.08128,8608.498662
61843.07846,0,-11569.06612,3366.091132,6076.504345,2153.091743,,10/1/2030,49058.71148,51753.39031,54433.32362,0.098737534,,,,,49058.71148,52148.58411
58047.18657,0,-23077.82496,9693.6354,5167.02094,1554.575303,,10/2/2030,33935.95742,37271.92851,46859.03969,0.275786323,,,,,33935.95742,40265.36303
41934.78408,0,6018.73906,880.2857909,7175.362161,1109.8731,,10/3/2030,46518.45071,46029.64847,49297.72671,0.056377366,,,,,46518.45071,45536.7309
26338.76398,0,-19630.85948,9224.30722,2117.179828,2131.22661,,10/4/2030,6284.468531,16883.33813,16703.76586,0.623769359,,,,,6284.468531,15463.82783
11442.21433,0,-1756.034552,313.2258327,4169.071566,-411.3752757,,10/5/2030,8852.365464,8985.979547,12096.59307,0.268193498,,,,,8852.365464,8314.796383
2561.34676,0,2099.490522,2442.271809,5869.522052,628.9024035,,10/6/2030,3486.932871,3551.982683,3998.474872,0.127934279,,,,,3486.932871,3497.726168
2001.85741,0,3111.178148,2726.995842,5497.219934,1499.023691,,10/7/2030,4013.591571,3829.998708,5365.693299,0.251990126,,,,,4013.591571,3994.612001
163385.4595,0,4801.985952,899.5444542,6078.352392,1320.557312,,10/8/2030,166971.775,126270.2941,169181.6261,0.013062004,,,,,166971.775,145532.4512
39069.16735,0,-27915.24857,15551.02155,2630.399568,1628.544293,,10/9/2030,10627.83886,20020.33881,23606.64018,0.549794516,,,,,10627.83886,18795.42676
39238.53694,0,4371.563641,1605.89769,5714.538231,-131.0279495,,10/10/2030,42467.19293,41583.21799,46835.87161,0.09327634,,,,,42467.19293,41415.64229
31261.62041,0,-40730.17092,19308.547,2561.018801,1459.076963,,10/11/2030,-9980.754268,16155.96869,17330.94584,1.57589207,,,,,-9980.754268,8415.373942
9176.862641,0,47.74767412,20.16479103,6472.169389,-159.3305856,,10/12/2030,7930.176437,8269.962642,9704.483448,0.182833741,,,,,7930.176437,7836.635736
56350.73208,0,6259.94098,8556.516143,5383.773545,1868.031192,,10/13/2030,61533.91835,40380.11078,75982.90195,0.190160987,,,,,61533.91835,49081.28071
48633.09198,0,-5649.438615,1009.187218,5355.815569,1316.020581,,10/14/2030,41912.49025,26890.08377,39892.97097,-0.050623436,,,,,41912.49025,31042.44231
16250.56166,0,-15632.7807,5351.673341,1857.435087,1311.520039,,10/15/2030,246.2939446,1830.542519,7091.14452,0.965267392,,,,,246.2939446,4093.40899
24506.82692,0,4273.27998,404.9367564,6582.11681,-509.6988834,,10/16/2030,27463.68354,26989.26363,28098.35985,0.022587664,,,,,27463.68354,26244.69874
106277.9464,0,21403.77764,9862.721288,6104.813736,1968.8131,,10/17/2030,126460.7613,123530.3739,129677.337,0.024804455,,,,,126460.7613,124772.0364
26854.50633,0,789.1131704,276.3947105,7291.240857,1732.38721,,10/18/2030,26185.37133,21104.32837,27070.2034,0.032686569,,,,,26185.37133,23240.00952
27092.04756,0,-12444.5806,3589.758474,3351.785671,2374.114439,,10/19/2030,13977.10983,22553.79103,23347.34665,0.401340545,,,,,13977.10983,22151.15119
2300.778197,0,-3714.804713,46.93737844,2089.162463,297.985555,,10/20/2030,-1831.859008,1308.512281,535.6719585,4.419740344,,,,,-1831.859008,-398.1146925
69810.83325,0,-90221.40036,34367.11923,1873.973291,-369.8355646,,10/21/2030,-20785.36177,13867.74536,23054.18984,1.90158717,,,,,-20785.36177,2079.855597
23620.9674,0,-17203.86616,1742.003389,2274.453397,-482.873119,,10/22/2030,5962.210564,6426.288323,9213.803068,0.352904493,,,,,5962.210564,5902.080558
4978.665077,0,1878.02924,935.4578593,6476.631758,-268.0243598,,10/23/2030,5561.367965,5804.50813,6270.7825,0.113130145,,,,,5561.367965,5815.876314
13513.4742,0,-7317.129953,324.9615996,3072.114927,1981.89516,,10/24/2030,5581.921259,8575.957752,8815.536703,0.366808687,,,,,5581.921259,6236.772911
74208.3278,0,-35803.48484,5083.985161,2223.500728,167.3156923,,10/25/2030,37960.14281,42608.89524,45960.0027,0.174061345,,,,,37960.14281,46010.92916
128210.0229,0,-11632.4928,1389.719066,5104.199745,-285.6422953,,10/26/2030,115556.6902,116108.5841,118206.2474,0.022414697,,,,,115556.6902,115775.4453
60256.68074,0,-9292.018107,1842.948737,4069.138124,1268.9083,,10/27/2030,50150.83501,58378.57807,60306.90662,0.168406443,,,,,50150.83501,57541.04083
56867.20332,0,-13140.31075,1661.261652,5853.907566,718.2861778,,10/28/2030,42556.11105,40820.75666,44611.83144,0.046080161,,,,,42556.11105,41208.08846
92597.59512,0,-60978.53503,8146.778098,1783.099615,1693.332696,,10/29/2030,31262.44016,45743.71836,44791.78797,0.302049738,,,,,31262.44016,46501.09352
195395.3653,0,-6495.858631,177.752416,2478.177675,-511.0468438,,10/30/2030,188403.8712,188994.478,190515.6608,0.011084599,,,,,188403.8712,186748.2469
13273.04462,0,3153.13318,560.7845761,6601.458448,-131.270093,,10/31/2030,15105.88611,14886.8832,17280.32055,0.125832992,,,,,15105.88611,14691.47216
90877.02696,0,24584.76017,5141.438956,6154.454017,2124.419996,,11/1/2030,114230.8963,109832.6749,119111.577,0.040975703,,,,,114230.8963,113340.3922
76560.86233,0,49134.9446,14251.61076,4536.60212,1895.099043,,11/2/2030,124788.4865,121084.8716,127253.2003,0.01936858,,,,,124788.4865,122840.2133
74804.86621,0,-34563.83668,13956.39632,4691.982817,1016.97889,,11/3/2030,39302.63296,56238.89751,56012.86034,0.298328407,,,,,39302.63296,52143.62297
42059.31093,0,-3075.534239,1067.08477,6085.104094,1110.743783,,11/4/2030,37766.75588,37289.94979,40200.00494,0.060528576,,,,,37766.75588,37214.41069
17751.22131,0,9201.633457,1319.965279,5663.458669,1892.584705,,11/5/2030,25820.16304,27966.526,30139.38791,0.143308314,,,,,25820.16304,26879.56011
32037.43442,0,-17504.92801,5353.152642,3385.515293,1671.667193,,11/6/2030,13855.40335,17739.85241,21685.44356,0.361073556,,,,,13855.40335,19426.09258
65830.60839,0,-1947.880478,4387.92253,5743.977161,409.8308016,,11/7/2030,62733.93248,36052.63861,68871.98648,0.089122651,,,,,62733.93248,47296.43615
212819.8956,0,-31417.87453,15698.17528,2415.457716,1736.706973,,11/8/2030,180918.9295,132321.4621,181161.1066,0.001336805,,,,,180918.9295,167454.1251
35123.88072,0,-1460.62199,247.9026735,6013.20181,-123.6110565,,11/9/2030,32460.61837,33445.41572,34531.14582,0.059961157,,,,,32460.61837,33479.39717
28707.03094,0,21653.80541,6598.616143,5163.905885,1906.985627,,11/10/2030,49328.05517,43425.23821,63512.93779,0.223338474,,,,,49328.05517,43419.87169
3115.547941,0,7450.214829,50150.41753,4082.091327,1439.939282,,11/11/2030,9749.344504,9779.13392,10888.51536,0.104621321,,,,,9749.344504,9781.621323
87329.91514,0,13147.9582,9068.366715,4880.36279,835.6420177,,11/12/2030,99501.80079,64899.96525,116016.8302,0.14235029,,,,,99501.80079,71686.07666
64553.29987,0,-13627.10217,5858.913968,4729.518363,1297.222115,,11/13/2030,49980.29403,13192.47424,51704.47146,0.033346776,,,,,49980.29403,24454.80828
81888.62685,0,-7403.377277,3664.398327,3830.034007,1220.454564,,11/14/2030,73719.24277,38012.4441,79327.614,0.070698852,,,,,73719.24277,58001.5082
73579.87811,0,-95835.19223,54571.92642,3160.080783,713.4003249,,11/15/2030,-22887.33028,34477.05972,39831.82491,1.574599088,,,,,-22887.33028,4424.306508
8840.997274,0,4035.328868,4779.809687,5327.959128,334.1362219,,11/16/2030,11810.73432,4944.42136,24083.97886,0.509602031,,,,,11810.73432,5389.096093
42578.23864,0,-22905.30189,2920.770633,3485.955479,1587.991212,,11/17/2030,18975.74565,24265.01116,24639.16375,0.229854315,,,,,18975.74565,24272.54932
20517.56066,0,27213.43724,5789.709284,5497.978666,533.4697383,,11/18/2030,46631.40217,46562.07561,49112.11615,0.050511242,,,,,46631.40217,46544.55948
32634.07915,0,2897.235915,127.5519635,7160.919358,1705.832166,,11/19/2030,34099.13119,34778.47284,35622.49794,0.042764175,,,,,34099.13119,34806.83768
126700.7801,0,-58551.7212,14075.79858,2667.205506,2688.117747,,11/20/2030,67615.61778,89149.95576,90791.15058,0.255262023,,,,,67615.61778,90308.20358
106274.4039,0,15358.04188,1882.83185,5791.440218,77.74021393,,11/21/2030,120474.1577,123718.6557,124418.5468,0.031702581,,,,,120474.1577,121506.936
101754.0205,0,11486.02338,1357.908864,5772.907747,1912.85635,,11/22/2030,112085.4623,112892.9157,113492.3897,0.012396667,,,,,112085.4623,112895.4732
52573.89345,0,41352.23263,10721.07209,3926.656711,1915.91767,,11/23/2030,93140.79473,93117.56959,94378.20781,0.013111216,,,,,93140.79473,93153.97417
96795.28668,0,2348.540128,1474.498259,7245.415637,837.7625981,,11/24/2030,97694.74368,96977.45287,97730.07174,0.000361486,,,,,97694.74368,97000.39542
4902.831112,0,-4423.548519,930.8136211,4869.486034,2813.979606,,11/25/2030,-494.614614,3088.730617,3487.700806,1.141816813,,,,,-494.614614,3187.779245
30495.65777,0,-8063.076215,3903.14562,2202.153839,1418.313428,,11/26/2030,21992.15079,27295.90405,27827.14996,0.209687272,,,,,21992.15079,27247.52059
40757.62226,0,10862.78169,3613.691314,4828.993396,-166.099079,,11/27/2030,50654.60527,53465.97815,53440.55356,0.052131726,,,,,50654.60527,51118.11221
1565.719277,0,-1354.643718,229.7539523,2685.132709,1408.745415,,11/28/2030,-325.9509832,-658.0444909,-180.7394249,0.803430454,,,,,-325.9509832,-672.8404252
53544.89646,0,-34223.40569,3990.835858,1957.215723,130.4885973,,11/29/2030,18930.04762,25316.69174,28526.37452,0.336401911,,,,,18930.04762,27022.23328
159574.5496,0,-99458.41363,26549.16845,1686.300489,-304.2127655,,11/30/2030,59778.87584,94973.41957,93401.24539,0.359977743,,,,,59778.87584,80566.12296
495.7855069,0,2760.904294,3149.523179,4811.203884,-465.672616,,12/1/2030,2294.449024,3043.512745,5693.232628,0.596986602,,,,,2294.449024,2330.09478
58306.20091,0,-36020.73029,5592.098422,3511.445272,1421.212669,,12/2/2030,21583.18156,27714.13703,29927.46734,0.27881697,,,,,21583.18156,30639.22324
69491.3155,0,-19484.55762,2294.127943,3933.018612,643.719971,,12/3/2030,49220.15416,57589.44717,56189.51145,0.124033064,,,,,49220.15416,51150.50025
132921.3231,0,-109150.7098,25695.92091,1988.736207,905.0995388,,12/4/2030,23372.86609,53359.65967,56862.70348,0.58895964,,,,,23372.86609,45401.58255
45368.06132,0,36132.00775,9287.311767,4608.369359,-271.5184998,,12/5/2030,80578.3952,82674.21779,85503.27148,0.057598688,,,,,80578.3952,82291.78703
44971.79464,0,37360.37673,6940.639585,4429.969507,1327.334907,,12/6/2030,81446.17747,81368.73853,82265.31909,0.009957314,,,,,81446.17747,81379.0076
1299.701915,0,4956.978444,46486.10149,4186.582852,1227.467475,,12/7/2030,5419.363788,5509.67694,6880.999457,0.212416187,,,,,5419.363788,5510.75989
7075.903598,0,6696.372051,91.69435596,4479.367806,1086.685209,,12/8/2030,12876.40209,10482.04109,11590.49941,-0.110944545,,,,,12876.40209,10292.14016
29149.1888,0,-8036.868522,1274.717439,4927.491717,1274.828849,,12/9/2030,20126.82194,21027.73014,22723.55787,0.11427506,,,,,20126.82194,21650.63288
159194.5083,0,-17806.94642,1323.169151,2617.325535,1560.800967,,12/10/2030,140864.0968,138376.9023,142138.2073,0.008963884,,,,,140864.0968,140316.221
106610.767,0,32022.00776,18566.75859,5115.921438,139.4865275,,12/11/2030,137609.5904,138360.4572,140881.899,0.023227317,,,,,137609.5904,138361.1643
103747.7345,0,11018.17629,812.0386765,5661.352361,1694.652507,,12/12/2030,113633.6404,112210.816,114969.8708,0.01162244,,,,,113633.6404,112634.1977
15160.07881,0,-5823.835828,72.96673569,3711.498656,2046.94146,,12/13/2030,8593.94325,10490.63914,11607.78022,0.25963939,,,,,8593.94325,9986.034489
20060.85528,0,35576.39472,10206.13458,4442.303431,840.0308689,,12/14/2030,54748.78932,53175.8582,57142.18838,0.041884974,,,,,54748.78932,52843.4975
158815.5862,0,-4620.532571,710.496027,3250.540002,1305.170607,,12/15/2030,153544.9456,94950.90928,153403.4419,-0.000922429,,,,,153544.9456,124183.0756
108940.855,0,-25374.79131,6988.592385,4164.828099,563.6407657,,12/16/2030,82733.09811,88267.82353,98274.75412,0.158144949,,,,,82733.09811,91357.25998
50452.31378,0,1238.821309,967.0822501,5829.272924,1145.637467,,12/17/2030,50525.28051,45439.91895,58051.6362,0.129649329,,,,,50525.28051,46225.89079
37373.53341,0,16780.48776,2638.962057,4649.616707,2208.519817,,12/18/2030,53224.09783,52470.17605,53412.25333,0.003522703,,,,,53224.09783,52470.57835
40332.93321,0,17470.58074,5864.717398,4912.064503,1473.349092,,12/19/2030,56821.10105,60711.13667,61408.03771,0.074696031,,,,,56821.10105,60711.53328
4423.379419,0,670.5163972,77.85845173,5068.01091,1651.030108,,12/20/2030,4080.293634,3420.72117,5258.682616,0.224084446,,,,,4080.293634,3611.932691
69382.9481,0,-2874.475872,1301.427693,4987.34909,1762.306773,,12/21/2030,65511.00241,50542.51924,67562.2574,0.03036096,,,,,65511.00241,58353.95501
101884.2766,0,-12471.38429,1792.163526,2046.567085,1722.522685,,12/22/2030,89003.57888,94382.94158,96488.65397,0.077574666,,,,,89003.57888,93563.00637
158303.4126,0,21836.651,8812.512561,4874.428615,-162.5780596,,12/23/2030,179165.1779,177853.8215,180595.0222,0.007917407,,,,,179165.1779,177854.1711
217161.1759,0,12786.27189,2901.127668,3981.458599,1666.141748,,12/24/2030,229151.1561,231416.4144,232743.5134,0.015434833,,,,,229151.1561,231416.7587
127463.3051,0,22880.16615,6412.387204,4820.919268,1098.14965,,12/25/2030,149379.2874,149219.3793,149264.5389,-0.000768759,,,,,149379.2874,149219.7185
36949.55854,0,8078.843019,5978.891809,4136.560132,1651.953374,,12/26/2030,44201.08953,42950.97384,45009.95323,0.017970774,,,,,44201.08953,43304.08978
114476.8703,0,-2519.391814,94.46472006,3980.36101,1216.234383,,12/27/2030,111161.4063,112116.0988,114655.0245,0.030470695,,,,,111161.4063,112082.7537
8951.548517,0,616.7307976,2177.104443,5576.175937,1122.221293,,12/28/2030,8453.044127,8136.65308,9005.789344,0.061376654,,,,,8453.044127,8480.45682
9337.247355,0,1149.109525,2189.115083,4080.277258,2178.545382,,12/29/2030,9670.301428,8681.210024,11089.22208,0.127954931,,,,,9670.301428,9109.350685
39285.17952,0,-22410.45079,8677.197843,2645.657431,1206.623276,,12/30/2030,16345.59724,32496.48688,34515.94677,0.526433467,,,,,16345.59724,32967.54434
13113.31529,0,1322.984651,1436.159151,5765.340792,266.2797743,,12/31/2030,13283.23178,12214.37514,14613.36606,0.091021759,,,,,13283.23178,13052.82723
83867.27607,0,-17386.56051,7886.749016,4336.588387,2337.657121,,1/1/2031,65613.39788,55068.44631,68876.53314,0.04737659,,,,,65613.39788,
,,,,,,,,12222849.18,12968546.01,14765965.58,,,,,,12222849.18,13143508.1
,,,,,,,,6.10%,,,,,,,,7.53%,
,,,,,,,,20.70%,,,,,,,,0.207,
